{"resource": {
	"language":"por",
	"title":"Variabilidade em população de Stevia rebaudiana como subsídio para a seleção e melhoramento genético.",
	"subject":[
		{"value":"Sugar crops"},
	{"value":"Genetic markers"},
	{"value":"Marcador molecular"},
	{"value":"Plant breeding"},
	{"value":"Melhoramento genético vegetal"},
	{"value":"RAPD"},
	{"value":"Stevia"},
	{"value":"Variação genética"},
	{"value":"Planta produtora de açúcar"},
	{"value":"Genetic variation"}
	],
	"about":"http://agris.fao.org/aos/records/BR01563945",
	"type":"Other",
	"identifier":"BR01563945",
	"source":
		{"resource":"http://ring.ciard.net/node/10800"
	},
	"issued":0,
	"uri":"http://www.infoteca.cnptia.embrapa.br/bitstream/doc/563945/1/p200548.pdf",
	"publisher":
		{"Organization":
		{"name":"Planaltina: DF: Embrapa Cerrados."
	}
	},
	"dateSubmitted":2012,
	"creator":[
		{
		"Person":
		{"name":"FALEIRO, F. G."
	}
	},
	{
		"Person":
		{"name":"SPEHAR, C. R."
	}
	},
	{
		"Person":
		{"name":"PEREIRA, A. V."
	}
	},
	{
		"Person":
		{"name":"PEREIRA, E. B. C."
	}
	},
	{
		"Person":
		{"name":"BELLON, G."
	}
	},
	{
		"Person":
		{"name":"BARROS, A. M."
	}
	},
	{
		"Person":
		{"name":"JUNQUEIRA, N. T. V."
	}
	},
	{
		"Person":
		{"name":"SILVA, L. C."
	}
	}
	]
	}}
