{"resource": {
	"language":"por",
	"title":"Análise quantitativa do crescimento da estévia.",
	"subject":"Estévia",
	"volume":60,
	"about":"http://agris.fao.org/aos/records/BR20041250668",
	"identifier":"BR20041250668",
	"type":"Other",
	"source":
		{"resource":"http://ring.ciard.net/node/11341"
	},
	"isPartOf":
		{"Journal":
		{"title":"Embrapa Agropecuária Oeste. Documentos"
	}
	},
	"issued":2004,
	"uri":"http://www.infoteca.cnptia.embrapa.br/bitstream/doc/250668/1/DOC200460.pdf",
	"dateSubmitted":2012,
	"publisher":
		{"Organization":
		{"name":"Dourados: Embrapa Agropecuária Oeste."
	}
	},
	"creator":
		{"Person":
		{"name":"LIMA FILHO, O. F. de."
	}
	},
	"abstract":"O gênero Stevia, exclusivo do continente americano, distribui-se do sudeste dos EUA ao norte da Argentina. A Stevia rebaudiana (Bert.) Bertoni (estévia) é nativa do norte do Paraguai, já tendo sido coletada no Brasil (Mato Grosso do Sul). Esta planta é um subarbusto cujas principais propriedades são edulcorante e medicinal. Por meio da análise quantitativa do crescimento, as condições morfo-fisiológicas da estévia foram descritas ao longo do primeiro ciclo da cultura, acompanhando a produção fotossintética avaliada através da acumulação de matéria seca e da dimensão do aparelho foto assimilador"
	}}
