{"resource": {
	"issued":2004,
	"dateSubmitted":2016,
	"uri":"http://world-food.net/download/journals/2004-issue_3_4/rn5.pdf",
	"language":"eng",
	"title":"The metabolism of stevioside by animals: Chickens and pigs",
	"creator":[
		{
		"Person":
		{"name":"Buyse, Johan (author)"
	}
	},
	{
		"Person":
		{"name":"M.C. Geuns, Jan (author)"
	}
	}
	],
	"about":"http://agris.fao.org/aos/records/FI2016100079",
	"identifier":"FI2016100079",
	"type":"Other",
	"source":
		{"resource":"http://ring.ciard.net/node/19722"
	},
	"abstract":"Stevioside is the main sweet component in the leaves of Stevia rebaudiana (Bertoni) and tastes about 300 times sweeter than sucrose¹. Stevia leaves, stevioside and stevia extracts are used as a natural sweetener in many countries of South America, North America, Japan, Korea and China. In these countries, powdered stevia leaves or refined extracts are accepted as a dietary supplement. The advantages of stevioside are manifold, it is noncalorific, preserves dental health as sugar intake is reduced and is beneficial for diabetic and phenylketonurea patients and obese subjects. However, in the European Union stevia leaves and stevioside are not approved to be used in the food chain. The present paper gives an overview of the in vivo and in vitro trials we conducted with high productive farm animal species: domestic chickens from different developmental stages (embryonic, growing, adult stage) and growing pigs in order to investigate the metabolism of stevioside and steviol. Furthermore, anaerobic incubations were performed with chickens and pig faeces to study the conversion of stevioside to steviol, and in vitro transport studies were carried out by using human Caco-2 monolayers."
	}}
