{"resource": {
	"issued":2004,
	"dateSubmitted":2016,
	"uri":"http://world-food.net/download/journals/2004-issue_3_4/rn4.pdf",
	"language":"eng",
	"title":"Stevioside metabolism and transport in rats and humans",
	"creator":
		{"Person":
		{"name":"Koyama, Eriko (author)"
	}
	},
	"about":"http://agris.fao.org/aos/records/FI2016100321",
	"identifier":"FI2016100321",
	"type":"Other",
	"source":
		{"resource":"http://ring.ciard.net/node/19722"
	},
	"abstract":"Stevioside, a sweetener extracted from the leaves of Stevia rebaudiana Bertoni, is the glycoside of the diterpene derivative including the aglycone steviol. The purpose of this study was to investigate intestinal degradation, absorption, and hepatic metabolism of stevioside using LC/MS/ESI or HPLC-UV analysis."
	}}
