{"resource": {
	"issued":2004,
	"dateSubmitted":2016,
	"uri":"http://world-food.net/download/journals/2004-issue_3_4/rn1.pdf",
	"language":"eng",
	"title":"About the safety of stevioside used as a sweetener",
	"creator":[
		{
		"Person":
		{"name":"M.C. Geuns, Jan (author)"
	}
	},
	{
		"Person":
		{"name":"Johan, Buyse (author)"
	}
	},
	{
		"Person":
		{"name":"Vankeirsbilck, Annelies (author)"
	}
	},
	{
		"Person":
		{"name":"Temme, Liesbeth (author)"
	}
	}
	],
	"about":"http://agris.fao.org/aos/records/FI2016100163",
	"identifier":"FI2016100163",
	"type":"Other",
	"source":
		{"resource":"http://ring.ciard.net/node/19722"
	},
	"abstract":"Stevioside is a natural sweetener extracted from leaves of Stevia rebaudiana (Bertoni) Bertoni. The literature about Stevia, the occurrence of its sweeteners, their biosynthetic pathway and toxicological aspects are discussed. Injection experiments or perfusion experiments of organs are considered as not relevant for the use of Stevia or stevioside as food additive, and therefore these studies are not discussed. The metabolism of stevioside by volunteers has been studied. In the faeces only free steviol was found. No free steviol or stevioside were found in blood or urine, but steviol conjugates were found in blood and urine as typical excretion products."
	}}
