{"resource": {
	"issued":2004,
	"dateSubmitted":2016,
	"uri":"http://world-food.net/download/journals/2004-issue_3_4/rn7.pdf",
	"language":"eng",
	"title":"The short-term effects of stevioside on blood pressure and glucose concentrations in healthy subjects",
	"creator":[
		{
		"Person":
		{"name":"H.M. Temme, Elisabeth (author)"
	}
	},
	{
		"Person":
		{"name":"Vankeirsbilck, Annelies (author)"
	}
	},
	{
		"Person":
		{"name":"Buyse, Johan (author)"
	}
	},
	{
		"Person":
		{"name":"M.C. Geuns, Jan (author)"
	}
	}
	],
	"about":"http://agris.fao.org/aos/records/FI2016100088",
	"identifier":"FI2016100088",
	"type":"Other",
	"source":
		{"resource":"http://ring.ciard.net/node/19722"
	},
	"abstract":"Stevioside is a natural plant glycoside isolated from the plant Stevia rebaudiana. It is 300 times sweeter than sugar but contains no calories. Stevioside would therefore be suitable for diets of e.g. diabetic and obese persons. In addition, studies suggested hypotensive and hypoglycemic effects of stevioside when administered in high dosage. This study was undertaken to evaluate the short-term effects on blood pressure, urinary excretion of electrolytes and blood glucose/insulin concentrations, in healthy subjects."
	}}
