{"resource": {
	"language":"eng",
	"isbn":"978-9934-8304-8-8",
	"title":
		{"value":"Consumer opinions and expectations of cornflakes with the additive steviol glycosides",
	"language":"eng"
	},
	"pageStart":190,
	"subject":[
		{
		"value":"cornflakes",
	"language":"eng"
	},
	{
		"value":"food additives",
	"language":"eng"
	},
	{
		"value":"sweeteners",
	"language":"eng"
	},
	{
		"value":"glycosides",
	"language":"eng"
	},
	{
		"value":"stevia rebaudiana",
	"language":"eng"
	},
	{
		"value":"consumers",
	"language":"eng"
	},
	{
		"value":"research",
	"language":"eng"
	},
	{
		"value":"germany",
	"language":"eng"
	},
	{
		"value":"latvia",
	"language":"eng"
	},
	{
		"value":"flocon de mais",
	"language":"fre"
	},
	{
		"value":"additif alimentaire",
	"language":"fre"
	},
	{
		"value":"edulcorant",
	"language":"fre"
	},
	{
		"value":"glycoside",
	"language":"fre"
	},
	{
		"value":"stevia rebaudiana",
	"language":"fre"
	},
	{
		"value":"consommateur",
	"language":"fre"
	},
	{
		"value":"recherche",
	"language":"fre"
	},
	{
		"value":"allemagne",
	"language":"fre"
	},
	{
		"value":"lettonie",
	"language":"fre"
	},
	{
		"value":"cornflakes",
	"language":"esp"
	},
	{
		"value":"aditivos alimentarios",
	"language":"esp"
	},
	{
		"value":"edulcorantes",
	"language":"esp"
	},
	{
		"value":"glicosidos",
	"language":"esp"
	},
	{
		"value":"stevia rebaudiana",
	"language":"esp"
	},
	{
		"value":"consumidores",
	"language":"esp"
	},
	{
		"value":"investigacion",
	"language":"esp"
	},
	{
		"value":"alemania",
	"language":"esp"
	},
	{
		"value":"letonia",
	"language":"esp"
	}
	],
	"pageEnd":195,
	"type":"Conference",
	"about":"http://agris.fao.org/aos/records/LV2013000547",
	"identifier":"LV2013000547",
	"source":
		{"resource":"http://ring.ciard.net/node/10590"
	},
	"isPartOf":[
		{"value":"http://ef.llu.lv/lv/zinatne/konferences.html"},
	{
		"resource":"http://aims.fao.org/serials/c_37701e1f"
	},
	{
		"Journal":
		{"title":"proceedings of the international scientific conference",
	"ISSN":"1691-3078"
	}
	}
	],
	"issued":2013,
	"publisher":
		{"Organization":
		{"name":"[LLU Ekonomikas fakultāte]"
	}
	},
	"dateSubmitted":2013,
	"uri":"http://ef.llu.lv/images/stories/faili_konferences/ESRD_2013_32.pdf",
	"creator":[
		{
		"Person":
		{"name":"Freytag-Leyer, B., Fulda Univ. of Applied Sciences (Germany). Dept. of Nutritional, Food and Consumer Sciences"
	}
	},
	{
		"Person":
		{"name":"Peschke, R., Fulda Univ. of Applied Sciences (Germany). Dept. of Nutritional, Food and Consumer Sciences"
	}
	},
	{
		"Person":
		{"name":"Hampshire, J., Fulda Univ. of Applied Sciences (Germany). Dept. of Nutritional, Food and Consumer Sciences"
	}
	}
	],
	"field:bibo:presentedAt":
		{"field:bibo:Conference":
		{"title":"International Scientific Conference: Economic Science for Rural Development, 14, Jelgava (Latvia), 25-26 Apr 2013"
	}
	},
	"description":[
		"Summary (En)",
	"1 table, 8 fig., 7 ref."
	],
	"issue":"32/2013",
	"abstract":
		{"value":"In the autumn of 2012, a survey was conducted to examine how steviol glycosides, a sweetener extracted from the plant Stevia rebaudiana, are perceived by consumers and what expectations consumers have towards food made with this sweetener. Steviol glycosides, characterised by a high level of sweetness and no caloric content, were approved as a food additive in the European Union in December 2011. The survey data were gathered from 180 consumers between the age of 20 and 80 years. The data were collected in Fulda using a standardised questionnaire. The questionnaire included a concept test using a fictious cornflake product sweetened with steviol glycosides. The results show, that there are significant correlations between the possession of general knowledge about stevia and the gender, age and health awareness of the respondents, since only 16.5% of the respondents know that this sweetener is a food additive (significant result). The majority of consumers (80.0%) expects a product labelled with the claim ''With steviol glycosides from Stevia'' to solely contain steviol glycosides (significant result). Consumers perceive steviol glycosides as a natural sweetener (significant result); yet, not as a healthy sweetener. Approximately half of the consumers prefer food sweetened with steviol glycosides compared with food sweetened with sugar or other sweeteners. Consumers further expect such a product to generally taste good and not different from the products sweetened with sugar.",
	"language":"eng"
	}
	}}
