{"settings":{"index":{"routing":{"allocation":{"include":{"zone":"main"}}}},"number_of_replicas":"0","index.mapping.ignore_malformed":true,"analysis":{"char_filter":{"comma_stop_removal":{"type":"mapping","mappings":[",=>",".=>"]}},"analyzer":{"lowercasespaceanalyzer":{"type":"custom","tokenizer":"whitespace","filter":["lowercase"]},"remove_comma_stop":{"tokenizer":"standard","char_filter":["comma_stop_removal"]},"ngram_3_15_analyzer":{"tokenizer":"ngram_3_15_tokenizer"}},"tokenizer":{"ngram_3_15_tokenizer":{"type":"nGram","min_gram":"3","max_gram":"15"}}}},"mappings":{"resource":{"properties":{"abstract":{"properties":{"value":{"type":"string"},"language":{"type":"string"}}},"arn":{"type":"string"},"author":{"properties":{"person":{"properties":{"name":{"type":"string"}}}}},"date_issued":{"type":"string"},"date_submitted":{"type":"string"},"doi":{"type":"string"},"isbn":{"type":"string"},"uri":{"type":"string"},"extent":{"type":"string"},"publisher":{"properties":{"organization":{"properties":{"name":{"type":"string"}}}}},"is_part_of":{"properties":{"journal":{"properties":{"issn":{"type":"string"},"title":{"type":"string"}}},"value":{"type":"string"}}},"issue":{"type":"long"},"language":{"type":"string"},"page_end":{"type":"long"},"page_start":{"type":"long"},"source":{"properties":{"uri":{"type":"string"}}},"subject":{"properties":{"value":{"type":"string"},"language":{"type":"string"}}},"title":{"properties":{"value":{"type":"string"},"language":{"type":"string"}}},"issn":{"type":"string"},"type":{"type":"string"},"uri":{"type":"string"},"volume":{"type":"long"}}}}}
