{"resource": {
	"language":"eng",
	"title":{"value":"Effect of crude extract of Stevia rebaudiana on renal water and electrolytes excretion."},
	"subject":[
		{"value":"Animals"},
	{"value":"Diuresis"},
	{"value":"Glomerular Filtration Rate"},
	{"value":"Infusions, Intravenous"},
	{"value":"Kidney"},
	{"value":"Kidney Tubules, Proximal"},
	{"value":"Male"},
	{"value":"Plant Extracts"},
	{"value":"Potassium"},
	{"value":"Rats"},
	{"value":"Rats, Wistar"},
	{"value":"Sodium"},
	{"value":"Sweetening Agents"},
	{"value":"Water"}
	],
	"pageStart":247,
	"volume":4,
	"doi":"10.1016/S0944-7113(99)80016-6",
	"pageEnd":50,
	"about":"http://agris.fao.org/aos/records/PM10589443",
	"identifier":"PM10589443",
	"type":"Journal Article",
	"isPartOf":
		{"Journal":
		{"title":{"value":"Phytomedicine : international journal of phytotherapy and phytopharmacology"},
	"ISSN":{"value":"0944-7113"}
	}
	},
	"issued":"2000-01-18",
	"dateSubmitted":"forIndex",
	"creator":
		{"Person":
		{"name":"Melis, M S, MS"
	}
	},
	"abstract":{"value":"To evaluate the effect of crude extract of Stevia rebaudiana on renal water, Na+ and K+ excretion, male Wistar rats (250-350 g each) under antidiuresis or water diuresis conditions, were evaluated. During intravenous infusion of the extract (0.05 mg/min/100 g) no significant differences were detected in mean arterial pressure or renal hemodynamics parameters. In contrast, fractional water and sodium excretion and solute clearance increased significantly, in both groups of animals. In antidiuresis rats the extract significantly increased reabsorption of water by the collecting duct and in water diuresis animals the extract significantly increased free water clearance. The data suggest preferential action of the extract in the proximal tubular cells involved with salt transport mechanism."}
	}}
