{"resource": {
	"language":"eng",
	"title":{"value":"Effects of chronic administration of Stevia rebaudiana on fertility in rats."},
	"subject":[
		{"value":"Animals"},
	{"value":"Diterpenes"},
	{"value":"Diterpenes, Kaurane"},
	{"value":"Genitalia, Male"},
	{"value":"Glucosides"},
	{"value":"Male"},
	{"value":"Organ Size"},
	{"value":"Plant Extracts"},
	{"value":"Rats"},
	{"value":"Rats, Wistar"},
	{"value":"Sexual Maturation"},
	{"value":"Terpenes"},
	{"value":"Testosterone"}
	],
	"pageStart":157,
	"volume":2,
	"pageEnd":61,
	"about":"http://agris.fao.org/aos/records/PM10619379",
	"identifier":"PM10619379",
	"type":"Journal Article",
	"isPartOf":
		{"Journal":
		{"title":{"value":"Journal of ethnopharmacology"},
	"ISSN":{"value":"0378-8741"}
	}
	},
	"issued":"2000-03-08",
	"dateSubmitted":2016,
	"creator":
		{"Person":
		{"name":"Melis, M S, MS"
	}
	},
	"abstract":{"value":"A study conducted on prepubertal male rats showed that chronic administration (60 days) of a Stevia rebaudiana aqueous extract produced a decrease in final weight of testis, seminal vesicle and cauda epididymidis. In addition, the fructose content of the accessory sex glands and the epididymal sperm concentration are decreased. Stevia treatment tended to decrease the plasma testosterone level, probably by a putative affinity of glycosides of extract for a certain androgen receptor, and no alteration occurred in luteinizing hormone level. These data are consistent with the possibility that Stevia extracts may decrease the fertility of male rats."}
	}}
