{"resource": {
	"language":"Eng",
	"title":{"value":"Oxidative transformations of guaia-1(10)-en-12,8-olides into xanthanolides"},
	"pageStart":920,
	"volume":6,
	"pageEnd":2,
	"about":"http://agris.fao.org/aos/records/PM10395522",
	"identifier":"PM10395522",
	"type":"Journal Article",
	"isPartOf":
		{"Journal":
		{"title":{"value":"Journal of natural products"},
	"ISSN":{"value":"1520-6025"}
	}
	},
	"issued":"1999-07-09",
	"dateSubmitted":2016,
	"creator":[
		{
		"Person":
		{"name":"Martinez-Vazquez, , M"
	}
	},
	{
		"Person":
		{"name":"Cardenas, , J"
	}
	},
	{
		"Person":
		{"name":"Godoy, , L"
	}
	},
	{
		"Person":
		{"name":"Martinez-Bahena, , M"
	}
	},
	{
		"Person":
		{"name":"Miranda, , R"
	}
	},
	{
		"Person":
		{"name":"Salm n M, , "
	}
	}
	],
	"abstract":{"value":"Dihydropsuedoivalin (1) was isolated from Stevia tomentosa, which, when treated with base, afforded epidihydropseudoivalin (2). The stereochemistry of 1 and 2 was established by crystallographic X-ray studies of the two derivatives of epidihydropseudoivalin. Treatment of 1 and 2 with Jones's reagent afforded the xanthanolides 3 and 4, respectively."}
	}}
