{"resource": {
	"language":"eng",
	"title":{"value":"Rebaudioside F, a diterpene glycoside from Stevia rebaudiana."},
	"subject":[
		{"value":"Asteraceae"},
	{"value":"Diterpenes"},
	{"value":"Diterpenes, Kaurane"},
	{"value":"Glycosides"},
	{"value":"Hydrogen-Ion Concentration"},
	{"value":"Hydrolysis"},
	{"value":"Molecular Structure"}
	],
	"pageStart":367,
	"volume":4,
	"pageEnd":70,
	"about":"http://agris.fao.org/aos/records/PM11830149",
	"identifier":"PM11830149",
	"type":"Journal Article",
	"isPartOf":
		{"Journal":
		{"title":{"value":"Phytochemistry"},
	"ISSN":{"value":"0031-9422"}
	}
	},
	"issued":"2002-02-06",
	"dateSubmitted":2016,
	"creator":[
		{
		"Person":
		{"name":"Starratt, Alvin N, AN"
	}
	},
	{
		"Person":
		{"name":"Kirby, Christopher W, CW"
	}
	},
	{
		"Person":
		{"name":"Pocs, Robert, R"
	}
	},
	{
		"Person":
		{"name":"Brandle, James E, JE"
	}
	}
	],
	"abstract":{"value":"The sweet diterpenoid glycoside, rebaudioside F, was isolated from leaves of a high rebaudioside C producing line of Stevia rebaudiana, and its structure was established by chemical and spectral studies."}
	}}
