{"resource": {
	"language":"jpn",
	"title":{"value":"[Studies on the cultivation of Stevia rebaudiana Bertoni. Determination of stevioside (author's transl)]."},
	"subject":[
		{"value":"Japan"},
	{"value":"Plants, Edible"},
	{"value":"Sweetening Agents"}
	],
	"pageStart":127,
	"volume":1,
	"pageEnd":30,
	"about":"https://www.ncbi.nlm.nih.gov/pubmed/PM1169301",
	"identifier":"PM1169301",
	"type":"Other",
	"isPartOf":
		{"Journal":
		{"title":{"value":"Yakugaku zasshi : Journal of the Pharmaceutical Society of Japan"},
	"ISSN":{"value":"0031-6903"}
	}
	},
	"issued":"1975-08-18",
	"dateSubmitted":2016,
	"creator":[
		{
		"Person":
		{"name":"Mitsuhashi, H, H"
	}
	},
	{
		"Person":
		{"name":"Ueno, J, J"
	}
	},
	{
		"Person":
		{"name":"Sumita, T, T"
	}
	}
	]
	,"source":{"resource":"https://www.ncbi.nlm.nih.gov/pubmed/"}}}
