{"resource": {
	"language":"eng",
	"title":{"value":"Stevia adds sweetness, but don't call it a sweetener."},
	"pageStart":50,
	"subject":[
		{"value":"Angiosperms"},
	{"value":"Dietary Supplements"},
	{"value":"Humans"},
	{"value":"Sweetening Agents"},
	{"value":"United States"}
	],
	"volume":5,
	"about":"http://agris.fao.org/aos/records/PM11499372",
	"type":"Other",
	"identifier":"PM11499372",
	"isPartOf":
		{"Journal":
		{"title":{"value":"U.S. news & world report"},
	"ISSN":{"value":"0041-5537"}
	}
	},
	"issued":"2001-08-13",
	"dateSubmitted":"forIndex",
	"creator":
		{"Person":
		{"name":"Morris, H J, HJ"
	}
	}
	}}
