{"resource": {
	"language":"eng",
	"title":{"value":"Quirogane, prenopsane, and patzcuarane skeletons obtained by photochemically induced molecular rearrangements of longipinene derivatives."},
	"subject":[
		{"value":"Magnetic Resonance Spectroscopy"},
	{"value":"Models, Molecular"},
	{"value":"Photochemistry"},
	{"value":"Sesquiterpenes"},
	{"value":"Spectrum Analysis"},
	{"value":"Stevia"}
	],
	"pageStart":1398,
	"volume":10,
	"pageEnd":411,
	"about":"http://agris.fao.org/aos/records/PM12398534",
	"identifier":"PM12398534",
	"type":"Journal Article",
	"isPartOf":
		{"Journal":
		{"title":{"value":"Journal of natural products"},
	"ISSN":{"value":"0163-3864"}
	}
	},
	"issued":"2002-10-25",
	"dateSubmitted":2016,
	"creator":[
		{
		"Person":
		{"name":"Meléndez-Rodríguez, Myriam, M"
	}
	},
	{
		"Person":
		{"name":"Cerda-García-Rojas, Carlos M, CM"
	}
	},
	{
		"Person":
		{"name":"Joseph-Nathan, Pedro, P"
	}
	}
	],
	"abstract":{"value":"Ultraviolet irradiation of (1R,3S,4S,5S,10R,11R)-1-acetyloxy-7-oxolongipin-8-ene (6), prepared from longipinene diesters isolated from Stevia salicifolia, afforded the new quirogane (7) and prenopsane (8) derivatives, as the major products, together with the minor secondary photoproduct (1R,3R,5R,8S,11S)-1-acetyloxy-7-oxopatzcuar-9-ene (9), which possesses a novel tricyclic sesquiterpene skeleton. The stereostructures of the new compounds 7-9 were mainly determined by NMR techniques including COSY, HSQC, HMBC, and NOESY in combination with molecular modeling obtained by density functional theory calculations. A reaction mechanism accounting for the observed transformations is proposed."}
	}}
