{"resource": {
	"language":"eng",
	"title":{"value":"Activity of isosteviol lactone on mitochondrial metabolism."},
	"subject":[
		{"value":"Animals"},
	{"value":"Diterpenes"},
	{"value":"Diterpenes, Kaurane"},
	{"value":"Electrochemistry"},
	{"value":"Electron Transport"},
	{"value":"Electrophysiology"},
	{"value":"Hydrolysis"},
	{"value":"In Vitro Techniques"},
	{"value":"Ketones"},
	{"value":"Lactones"},
	{"value":"Male"},
	{"value":"Mitochondria, Liver"},
	{"value":"Mitochondrial Swelling"},
	{"value":"Oxidation-Reduction"},
	{"value":"Oxidative Phosphorylation"},
	{"value":"Oxygen Consumption"},
	{"value":"Proteins"},
	{"value":"Rats"},
	{"value":"Rats, Wistar"},
	{"value":"Stevia"},
	{"value":"Structure-Activity Relationship"}
	],
	"pageStart":83,
	"volume":1,
	"pageEnd":92,
	"about":"http://agris.fao.org/aos/records/PM12697384",
	"identifier":"PM12697384",
	"type":"Journal Article",
	"isPartOf":
		{"Journal":
		{"title":{"value":"Toxicology letters"},
	"ISSN":{"value":"0378-4274"}
	}
	},
	"issued":"2003-04-16",
	"dateSubmitted":"forIndex",
	"creator":[
		{
		"Person":
		{"name":"Braguini, Welligton L, WL"
	}
	},
	{
		"Person":
		{"name":"Gomes, Maria A Biazon, MA"
	}
	},
	{
		"Person":
		{"name":"de Oliveira, Brás H, BH"
	}
	},
	{
		"Person":
		{"name":"Carnieri, Eva G S, EG"
	}
	},
	{
		"Person":
		{"name":"Rocha, Maria Eliane M, ME"
	}
	},
	{
		"Person":
		{"name":"de Oliveira, Maria Benigna M, MB"
	}
	}
	],
	"abstract":{"value":"Isosteviol lactone (LAC), a lactone derivative of the diterpenic acid isosteviol (ISO) was evaluated for its effect on the oxidative metabolism of mitochondria isolated from rat liver. In this model, LAC (1 mM) depressed the phosphorylation efficiency, as shown by the decreased respiratory control coefficient (RCC) and ADP/O ratio. LAC (1 mM) inhibited NADH oxidase (45%), succinate oxidase (34%) and promoted low-level inhibitions on succinate dehydrogenase (13%), succinate-cytochrome c oxide-reductase (23%), cytochrome c oxidase (10%), and NADH dehydrogenase (13%). Glutamate dehydrogenase was also a target for LAC, as it was 85% inhibited by 1 mM LAC. Cyclic voltammetry data showed that LAC, as well as ISO, does not undergo redox reactions under current experimental conditions. LAC (0.05-0.75 mM) inhibited the swelling dependent on the glutamate oxidation, 50% of the effect occurring at 0.5 mM LAC. Swelling supported by KNO(3) and valinomycin was also inhibited over all concentrations used of LAC and ISO, the effect being of a lower intensity for LAC, suggesting that the modification of the structure of ISO by lactonization diminished its interaction with the membrane. This could contribute to attenuation of the toxic effects described for ISO on mitochondrial function, such as those on respiratory chain enzymatic complexes and phosphorylating activity."}
	}}
