{"resource": {
	"language":"eng",
	"title":{"value":"Molecular cloning and characterization of Stevia rebaudiana UDP-glucosyltransferase."},
	"subject":[
		{"value":"Amino Acid Sequence"},
	{"value":"Anthocyanins"},
	{"value":"Cloning, Molecular"},
	{"value":"Diterpenes"},
	{"value":"Diterpenes, Kaurane"},
	{"value":"Genes, Plant"},
	{"value":"Glucosyltransferases"},
	{"value":"Molecular Sequence Data"},
	{"value":"Stevia"},
	{"value":"Substrate Specificity"}
	],
	"pageStart":123,
	"volume":2,
	"pageEnd":9,
	"about":"http://agris.fao.org/aos/records/PM12858510",
	"identifier":"PM12858510",
	"type":"Journal Article",
	"isPartOf":
		{"Journal":
		{"title":{"value":"Shi yan sheng wu xue bao"},
	"ISSN":{"value":"0001-5334"}
	}
	},
	"issued":"2003-07-15",
	"dateSubmitted":"forIndex",
	"creator":[
		{
		"Person":
		{"name":"Ma, Ling Bo, LB"
	}
	},
	{
		"Person":
		{"name":"Zhang, Da Bing, DB"
	}
	},
	{
		"Person":
		{"name":"Chen, Liang, L"
	}
	},
	{
		"Person":
		{"name":"Chen, Mu Chuan, MC"
	}
	}
	],
	"abstract":{"value":"We report here the cloning and characterization of a UDP-glucose flavonoid glucosyltransferase (srUFGT) in Stevia rebaudiana. The isolated cDNA was 1419 bp in length encoding 473 deduced amino acids with a predicted molecular mass of 53.2 kDa. The products of in vitro translation from an expression vector had anthocyanidins and steviol glucosyltransferase activity. Comparison of the activity of the recombinant UDP-glucosyltransferase toward a range of acceptor substrates suggests that it may participate in the synthesis of steviol glycosides. The results support the hypothesis that the flavonoid glucosyltransferases, which have a broad substrate specificity, may be not only involved in flavonoid glucosylation but also play a role in producing the water-soluble steviol-glycosides in S. rebaudiana."}
	}}
