{"resource": {
	"language":"eng",
	"title":{"value":"Inhibitory effect of stevioside on tumor promotion by 12-O-tetradecanoylphorbol-13-acetate in two-stage carcinogenesis in mouse skin."},
	"subject":[
		{"value":"Animals"},
	{"value":"Antineoplastic Agents, Phytogenic"},
	{"value":"Diterpenes"},
	{"value":"Diterpenes, Kaurane"},
	{"value":"Drug Screening Assays, Antitumor"},
	{"value":"Female"},
	{"value":"Glucosides"},
	{"value":"Mice"},
	{"value":"Mice, Inbred ICR"},
	{"value":"Skin Neoplasms"},
	{"value":"Stevia"},
	{"value":"Tetradecanoylphorbol Acetate"}
	],
	"pageStart":1488,
	"volume":11,
	"pageEnd":90,
	"about":"http://agris.fao.org/aos/records/PM12419967",
	"identifier":"PM12419967",
	"type":"Journal Article",
	"isPartOf":
		{"Journal":
		{"title":{"value":"Biological & pharmaceutical bulletin"},
	"ISSN":{"value":"0918-6158"}
	}
	},
	"issued":"2002-11-06",
	"dateSubmitted":2016,
	"creator":[
		{
		"Person":
		{"name":"Yasukawa, Ken, K"
	}
	},
	{
		"Person":
		{"name":"Kitanaka, Susumu, S"
	}
	},
	{
		"Person":
		{"name":"Seo, Shujiro, S"
	}
	}
	],
	"abstract":{"value":"Four steviol (ent-kaurene-type diterpenoid) glycosides, stevioside, rebaudiosides A and C, and dulcoside A, have been isolated from Stevia rebaudiana BERTONI. These compounds showed strong inhibitory activity against 12-O-tetradecanoylphorbol-13-acetate (TPA)-induced inflammation in mice. The 50% inhibitory dose of these compounds for TPA-induced inflammation was 54.1-291.6 micro g/ear. Furthermore, at 1.0 and 0.1 mg/mouse of stevioside mixture, the mixture of these compounds markedly inhibited the promoting effect of TPA (1 micro g/mouse) on skin tumor formation initiated with 7,12-dimethylbenz[a]anthracene (50 micro g/mouse)."}
	}}
