{"resource": {
	"language":"eng",
	"title":{"value":"Features of development of Stevia rebaudiana shoots cultivated in the roller bioreactor and their production of steviol glycosides."},
	"subject":[
		{"value":"Bioreactors"},
	{"value":"Biotechnology"},
	{"value":"Culture Media"},
	{"value":"Diterpenes"},
	{"value":"Diterpenes, Kaurane"},
	{"value":"Glycosides"},
	{"value":"Plant Shoots"},
	{"value":"Stevia"}
	],
	"pageStart":759,
	"volume":8,
	"doi":"10.1055/s-2002-33809",
	"pageEnd":62,
	"about":"http://agris.fao.org/aos/records/PM12221607",
	"identifier":"PM12221607",
	"type":"Journal Article",
	"isPartOf":
		{"Journal":
		{"title":{"value":"Planta medica"},
	"ISSN":{"value":"0032-0943"}
	}
	},
	"issued":"2002-09-10",
	"dateSubmitted":"forIndex",
	"creator":[
		{
		"Person":
		{"name":"Bondarev, Nikolai, N"
	}
	},
	{
		"Person":
		{"name":"Reshetnyak, Oxana, O"
	}
	},
	{
		"Person":
		{"name":"Nosov, Alexander, A"
	}
	}
	],
	"abstract":{"value":"Growth and development of Stevia rebaudiana shoots cultivated in the roller bioreactor and their production of steviol glycosides (SGs) were investigated. It was found that, owing to the highly favorable conditions of shoot cultivation created in such an apparatus, the intensity of shoot growth and SG production appeared to be 1.5 - 2.0 times higher than those of the shoots grown in tubes. These results indicate the existence of a positive correlation between these two processes. The data obtained suggest that the enhanced SG production is due to the differentiation of chlorenchyma cells and formation of specific subcellular structures for the glycoside to be accumulated."}
	}}
