{"resource": {
	"language":"jpn",
	"title":{"value":"[Studies on the cultivation of Stevia rebaudiana Bertoni. Determination of stevioside. II. (author's transl)]."},
	"subject":[
		{"value":"Chromatography, Thin Layer"},
	{"value":"Glycosides"},
	{"value":"Plant Extracts"},
	{"value":"Plants, Edible"},
	{"value":"Terpenes"}
	],
	"pageStart":1501,
	"volume":12,
	"pageEnd":3,
	"about":"http://agris.fao.org/aos/records/PM1240961",
	"identifier":"PM1240961",
	"type":"Other",
	"isPartOf":
		{"Journal":
		{"title":{"value":"Yakugaku zasshi : Journal of the Pharmaceutical Society of Japan"},
	"ISSN":{"value":"0031-6903"}
	}
	},
	"issued":"1976-05-25",
	"dateSubmitted":"forIndex",
	"creator":[
		{
		"Person":
		{"name":"Mitsuhashi, H, H"
	}
	},
	{
		"Person":
		{"name":"Ueno, J, J"
	}
	},
	{
		"Person":
		{"name":"Sumita, T, T"
	}
	}
	]
	}}
