{"resource": {
	"language":"eng",
	"title":{"value":"New non-glycosidic diterpenes from the leaves of Stevia rebaudiana."},
	"subject":[
		{"value":"Canada"},
	{"value":"Chromatography, High Pressure Liquid"},
	{"value":"Diterpenes"},
	{"value":"Molecular Structure"},
	{"value":"Nuclear Magnetic Resonance, Biomolecular"},
	{"value":"Plant Leaves"},
	{"value":"Stereoisomerism"},
	{"value":"Stevia"}
	],
	"pageStart":1395,
	"volume":10,
	"doi":"10.1021/np0302091",
	"pageEnd":8,
	"about":"http://agris.fao.org/aos/records/PM14575446",
	"identifier":"PM14575446",
	"type":"Journal Article",
	"isPartOf":
		{"Journal":
		{"title":{"value":"Journal of natural products"},
	"ISSN":{"value":"0163-3864"}
	}
	},
	"issued":"2003-10-24",
	"dateSubmitted":"forIndex",
	"creator":[
		{
		"Person":
		{"name":"McGarvey, Brian D, BD"
	}
	},
	{
		"Person":
		{"name":"Attygalle, Athula B, AB"
	}
	},
	{
		"Person":
		{"name":"Starratt, Alvin N, AN"
	}
	},
	{
		"Person":
		{"name":"Xiang, Bosong, B"
	}
	},
	{
		"Person":
		{"name":"Schroeder, Frank C, FC"
	}
	},
	{
		"Person":
		{"name":"Brandle, James E, JE"
	}
	},
	{
		"Person":
		{"name":"Meinwald, Jerrold, J"
	}
	}
	],
	"abstract":{"value":"Six new labdane-type, non-glycosidic diterpenes, sterebins I-N (1-6), were isolated from the leaves of Stevia rebaudiana. Their structures, analogous to those of the previously described sterebins A-H, were elucidated on the basis of spectroscopic and chemical studies."}
	}}
