{"resource": {
	"language":"eng",
	"title":{"value":"Evaluation of the cariogenic potential of the intense natural sweeteners stevioside and rebaudioside A."},
	"subject":[
		{"value":"Animals"},
	{"value":"Cariostatic Agents"},
	{"value":"Colony Count, Microbial"},
	{"value":"Dental Caries"},
	{"value":"Dental Plaque"},
	{"value":"Diet, Cariogenic"},
	{"value":"Diterpenes"},
	{"value":"Diterpenes, Kaurane"},
	{"value":"Evaluation Studies as Topic"},
	{"value":"Glucosides"},
	{"value":"Rats"},
	{"value":"Rats, Sprague-Dawley"},
	{"value":"Root Caries"},
	{"value":"Streptococcus sobrinus"},
	{"value":"Sucrose"},
	{"value":"Sweetening Agents"},
	{"value":"Terpenes"}
	],
	"pageStart":363,
	"volume":5,
	"pageEnd":6,
	"about":"http://agris.fao.org/aos/records/PM1468101",
	"identifier":"PM1468101",
	"type":"Journal Article",
	"isPartOf":
		{"Journal":
		{"title":{"value":"Caries research"},
	"ISSN":{"value":"0008-6568"}
	}
	},
	"issued":"1993-01-25",
	"dateSubmitted":2016,
	"creator":[
		{
		"Person":
		{"name":"Das, S, S"
	}
	},
	{
		"Person":
		{"name":"Das, A K, AK"
	}
	},
	{
		"Person":
		{"name":"Murphy, R A, RA"
	}
	},
	{
		"Person":
		{"name":"Punwani, I C, IC"
	}
	},
	{
		"Person":
		{"name":"Nasution, M P, MP"
	}
	},
	{
		"Person":
		{"name":"Kinghorn, A D, AD"
	}
	}
	],
	"abstract":{"value":"Stevioside and rebaudioside A, two intense natural sweeteners, that are constituents of the South American plant Stevia rebaudiana, were tested for cariogenicity in albino Sprague-Dawley rats. Sixty rat pups colonized with Streptococcus sobrinus were divided into four groups and fed stevioside, rebaudioside A or sucrose added to basal diet 2000 as follows: group 1, 30% sucrose; group 2, 0.5% stevioside; group 3, 0.5% rebaudioside A, and group 4, no addition. All four groups were sacrificed after 5 weeks. S. sobrinus counts were made and caries was evaluated according to Keyes' technique. There were no differences in food and water intake and weight gains between the four groups. There were significant differences in sulcal caries scores (p < 0.02) and S. sobrinus counts (p < 0.05) between group 1 and the other three groups. There were no significant differences between the stevioside, rebaudioside A and no-addition groups. It was concluded that neither stevioside nor rebaudioside A is cariogenic under the conditions of this study."}
	}}
