{"resource": {
	"language":"eng",
	"title":{"value":"Renal excretion of stevioside in rats."},
	"subject":[
		{"value":"Animals"},
	{"value":"Diterpenes"},
	{"value":"Diterpenes, Kaurane"},
	{"value":"Glucosides"},
	{"value":"Kidney"},
	{"value":"Male"},
	{"value":"Rats"},
	{"value":"Rats, Inbred Strains"},
	{"value":"Terpenes"}
	],
	"pageStart":688,
	"volume":5,
	"pageEnd":90,
	"about":"https://www.ncbi.nlm.nih.gov/pubmed/PM1517741",
	"identifier":"PM1517741",
	"type":"Journal Article",
	"isPartOf":
		{"Journal":
		{"title":{"value":"Journal of natural products"},
	"ISSN":{"value":"0163-3864"}
	}
	},
	"issued":"1992-10-06",
	"dateSubmitted":2016,
	"creator":
		{"Person":
		{"name":"Melis, M S, MS"
	}
	},
	"abstract":{"value":"The renal excretion of stevioside, a glycoside extracted from the leaves of Stevia rebaudiana, and its effect on renal excretion of several substances, was studied through clearance techniques in Wistar rats. After a control period, stevioside was infused iv at four concentrations (4, 8, 12, and 16 mg/kg). During all the experiments no significant changes in inulin clearance (CIn) were observed. The stevioside infusion induced a significant increase in the p-aminohippuric acid clearance (CPAH), fractional sodium excretion (FeNa+), urinary flow as percent of glomerular filtration rate (V/GFR), and glucose clearance (CG) when compared to controls, but these effects were absent with the dose of 4 mg/kg. The stevioside clearance (CS) was higher than the CIn and lower than the CPAH at all the doses employed in this study. These results indicate that the stevioside is secreted by renal tubular epithelium and induces diuresis and natriuresis and a fall in renal tubular reabsorption of glucose."}
	,"source":{"resource":"https://www.ncbi.nlm.nih.gov/pubmed/"}}}
