{"resource": {
	"language":"eng",
	"title":{"value":"Absolute configuration of the alpha-methylbutyryl residue in longipinene derivatives from Stevia pilosa."},
	"subject":[
		{"value":"Molecular Conformation"},
	{"value":"Molecular Structure"},
	{"value":"Plant Roots"},
	{"value":"Sesquiterpenes"},
	{"value":"Stevia"}
	],
	"pageStart":639,
	"volume":6,
	"doi":"10.1016/j.phytochem.2004.12.001",
	"pageEnd":42,
	"about":"http://agris.fao.org/aos/records/PM15771882",
	"identifier":"PM15771882",
	"type":"Journal Article",
	"isPartOf":
		{"Journal":
		{"title":{"value":"Phytochemistry"},
	"ISSN":{"value":"0031-9422"}
	}
	},
	"issued":"2005-03-17",
	"dateSubmitted":"forIndex",
	"creator":[
		{
		"Person":
		{"name":"Alvarez-García, Rocío, R"
	}
	},
	{
		"Person":
		{"name":"Torres-Valencia, J Martín, JM"
	}
	},
	{
		"Person":
		{"name":"Román, Luisa U, LU"
	}
	},
	{
		"Person":
		{"name":"Hernández, Juan D, JD"
	}
	},
	{
		"Person":
		{"name":"Cerda-García-Rojas, Carlos M, CM"
	}
	},
	{
		"Person":
		{"name":"Joseph-Nathan, Pedro, P"
	}
	}
	],
	"abstract":{"value":"The absolute configuration of the alpha-methylbutyryl residue in (4R,5S,7S,8S,9S,10R,11R,2''S)-7-angeloyloxy-9-hydroxy-8-(alpha-methylbutyryloxy)-longipin-2-en-L-one and (4R,5S,7S,8R,10R,11R,2''S)-7-angeloyloxy-8-(alpha-methylbutyryloxy)- longipin-2-en-L-one was determined by chemical correlation with (S)-(+)-benzyl alpha-methylbutyrate prepared from authentic (S)-(+)-alpha-methylbutyric acid. Both compounds were isolated from the hexane extracts of roots of Stevia pilosa Lag. together with four other longipinene derivatives. The developed correlation method is useful to ascertain the chirality of natural alpha-methylbutyryl esters found in nature and to reinforce the hypotheses on the biogenetic origin of these residues."}
	}}
