{"resource": {
	"language":"eng",
	"title":{"value":"Interaction effect between phosphorus and zinc on their availability in soil in relation to their contents in stevia (Stevia rebaudiana)."},
	"subject":[
		{"value":"Drug Interactions"},
	{"value":"Fertilizers"},
	{"value":"Phosphorus"},
	{"value":"Soil"},
	{"value":"Stevia"},
	{"value":"Zinc"}
	],
	"pageStart":490,
	"doi":"10.1100/tsw.2005.63",
	"pageEnd":5,
	"about":"http://agris.fao.org/aos/records/PM15980919",
	"identifier":"PM15980919",
	"type":"Journal Article",
	"isPartOf":
		{"Journal":
		{"title":{"value":"TheScientificWorldJournal"},
	"ISSN":{"value":"1537-744X"}
	}
	},
	"issued":"2005-06-27",
	"dateSubmitted":"forIndex",
	"creator":[
		{
		"Person":
		{"name":"Das, Kuntal, K"
	}
	},
	{
		"Person":
		{"name":"Dang, Raman, R"
	}
	},
	{
		"Person":
		{"name":"Shivananda, T N, TN"
	}
	},
	{
		"Person":
		{"name":"Sur, Pintu, P"
	}
	}
	],
	"abstract":{"value":"A greenhouse experiment was conducted at the Indian Institute of Horticultural Research (IIHR), Bangalore to study the interaction effect between phosphorus and zinc on their availability in soil in relation to their contents in stevia (Stevia rebaudiana). The results show that the amount of available P and Zn content in soil has been found to increase initially and, thereafter, the amount of the same decreased with the progress of plant growth up to 60 days irrespective of treatments. The amount of P and Zn in soils showed an increase with their separate applications either as soil or foliar spray while that of the same value significantly decreased both in soils and plants due to their combined applications, suggesting a mutual antagonistic effect between Zn and P affecting each other's availability in soil and content in the stevia plant."}
	}}
