{"resource": {
	"language":"eng",
	"title":{"value":"Mechanism of the hypoglycemic effect of stevioside, a glycoside of Stevia rebaudiana."},
	"subject":[
		{"value":"Animals"},
	{"value":"Blood Glucose"},
	{"value":"Diabetes Mellitus"},
	{"value":"Dose-Response Relationship, Drug"},
	{"value":"Glycosides"},
	{"value":"Hypoglycemic Agents"},
	{"value":"Male"},
	{"value":"Phosphoenolpyruvate Carboxykinase (GTP)"},
	{"value":"Phytotherapy"},
	{"value":"Plant Extracts"},
	{"value":"RNA, Messenger"},
	{"value":"Rats"},
	{"value":"Rats, Wistar"},
	{"value":"Reverse Transcriptase Polymerase Chain Reaction"},
	{"value":"Stevia"},
	{"value":"Streptozocin"}
	],
	"pageStart":108,
	"volume":2,
	"doi":"10.1055/s-2005-837775",
	"pageEnd":13,
	"about":"http://agris.fao.org/aos/records/PM15729617",
	"identifier":"PM15729617",
	"type":"Journal Article",
	"isPartOf":
		{"Journal":
		{"title":{"value":"Planta medica"},
	"ISSN":{"value":"0032-0943"}
	}
	},
	"issued":"2005-02-24",
	"dateSubmitted":"forIndex",
	"creator":[
		{
		"Person":
		{"name":"Chen, Tso-Hsiao, TH"
	}
	},
	{
		"Person":
		{"name":"Chen, Shi-Chung, SC"
	}
	},
	{
		"Person":
		{"name":"Chan, Paul, P"
	}
	},
	{
		"Person":
		{"name":"Chu, Yen-Ling, YL"
	}
	},
	{
		"Person":
		{"name":"Yang, Hung-Yu, HY"
	}
	},
	{
		"Person":
		{"name":"Cheng, Juei-Tang, JT"
	}
	}
	],
	"abstract":{"value":"We have studied the effects of stevioside on the glucose and insulin metabolism in 2 models of diabetes in rats, STZ-induced diabetic rats and NIDDM diabetic rats induced by feeding with fructose. Stevioside (0.5 mg/kg), lowered the blood glucose levels in STZ-induced diabetic rats, peaking at 90 min. Stevioside administered twice daily also demonstrated dose-dependent effects in lowering the glucose levels in both diabetic rat models. Stevioside reduced the rise in glucose during glucose tolerance testing in normal rats. Stevioside dose-dependently decreased protein levels of phosphoenol pyruvate carboxykinase (PEPCK) and PEPCK mRNA after 15 days of treatment. Stevioside also reduced insulin resistance in the diabetic animals as shown by the glucose lowering effects of tolbutamide. In conclusion, stevioside was able to regulate blood glucose levels by enhancing not only insulin secretion, but also insulin utilization in insulin-deficient rats; the latter was due to decreased PEPCK gene expression in rat liver by stevioside's action of slowing down gluconeogenesis. Further studies of this agent for the treatment of diabetes appear warranted."}
	}}
