{"resource": {
	"language":"eng",
	"title":{"value":"Functional genomics uncovers three glucosyltransferases involved in the synthesis of the major sweet glucosides of Stevia rebaudiana."},
	"subject":[
		{"value":"Amino Acid Sequence"},
	{"value":"Chromatography, High Pressure Liquid"},
	{"value":"Expressed Sequence Tags"},
	{"value":"Glucosides"},
	{"value":"Glucosyltransferases"},
	{"value":"Models, Molecular"},
	{"value":"Molecular Sequence Data"},
	{"value":"Molecular Structure"},
	{"value":"Phylogeny"},
	{"value":"Recombinant Proteins"},
	{"value":"Sequence Alignment"},
	{"value":"Stevia"}
	],
	"pageStart":56,
	"volume":1,
	"doi":"10.1111/j.1365-313X.2004.02275.x",
	"pageEnd":67,
	"about":"http://agris.fao.org/aos/records/PM15610349",
	"identifier":"PM15610349",
	"type":"Journal Article",
	"isPartOf":
		{"Journal":
		{"title":{"value":"The Plant journal : for cell and molecular biology"},
	"ISSN":{"value":"0960-7412"}
	}
	},
	"issued":"2004-12-21",
	"dateSubmitted":"forIndex",
	"creator":[
		{
		"Person":
		{"name":"Richman, Alex, A"
	}
	},
	{
		"Person":
		{"name":"Swanson, Andrew, A"
	}
	},
	{
		"Person":
		{"name":"Humphrey, Tania, T"
	}
	},
	{
		"Person":
		{"name":"Chapman, Ralph, R"
	}
	},
	{
		"Person":
		{"name":"McGarvey, Brian, B"
	}
	},
	{
		"Person":
		{"name":"Pocs, Robert, R"
	}
	},
	{
		"Person":
		{"name":"Brandle, Jim, J"
	}
	}
	],
	"abstract":{"value":"Stevia rebaudiana leaves accumulate a mixture of at least eight different steviol glycosides. The pattern of glycosylation heavily influences the taste perception of these intensely sweet compounds. The majority of the glycosides are formed by four glucosylation reactions that start with steviol and end with rebaudioside A. The steps involve the addition of glucose to the C-13 hydroxyl of steviol, the transfer of glucose to the C-2' and C-3' of the 13-O-glucose and the addition of glucose to the hydroxyl of the C-4 carboxyl group. We used our collection of ESTs, an UDP-glucosyltransferase (UGT)-specific electronic probe and key word searches to identify candidate genes resident in our collection. Fifty-four expressed sequence tags (ESTs) belonging to 17 clusters were found using this procedure. We isolated full length cDNAs for 12 of the UGTs, cloned them into an expression vector, and produced recombinant enzymes in Escherichia coli. An in vitro glucosyltransferase activity enzyme assay was conducted using quercetin, kaempferol, steviol, steviolmonoside, steviolbioside, and stevioside as sugar acceptors, and (14)C-UDP-glucose as the donor. Thin layer chromatography was used to separate the products and three of the recombinant enzymes produced labelled products that co-migrated with known standards. HPLC and LC-ES/MS were then used to further define those reaction products. We determined that steviol UGTs behave in a regioselective manner and propose a modified pathway for the synthesis of rebaudioside A from steviol."}
	}}
