{"resource": {
	"language":"chi",
	"title":{"value":"[Effects of salinity stress on cytosolic calciumin Stevia rebaudiana Bertoni cells]."},
	"subject":[
		{"value":"Aniline Compounds"},
	{"value":"Calcium"},
	{"value":"Cytosol"},
	{"value":"Protoplasts"},
	{"value":"Sodium Chloride"},
	{"value":"Stevia"},
	{"value":"Xanthenes"}
	],
	"pageStart":151,
	"volume":2,
	"pageEnd":4,
	"about":"http://agris.fao.org/aos/records/PM15344335",
	"identifier":"PM15344335",
	"type":"Other",
	"isPartOf":
		{"Journal":
		{"title":{"value":"Shi yan sheng wu xue bao"},
	"ISSN":{"value":"0001-5334"}
	}
	},
	"issued":"2004-09-03",
	"dateSubmitted":2016,
	"creator":[
		{
		"Person":
		{"name":"Xiong, Ling Yuan, LY"
	}
	},
	{
		"Person":
		{"name":"Xu, Jin Sen, JS"
	}
	},
	{
		"Person":
		{"name":"Hong, Fu Xiang, FX"
	}
	},
	{
		"Person":
		{"name":"Chen, Mu Chuan, MC"
	}
	}
	],
	"abstract":{"value":"Fluo-3/AM, a calcium indicator, was introduced by low temprature loading method into callus protoplasts of Stevia rebaudiana Bertoni. The microscope observation results showed that NaCl in different concentrations (30-200mmol/L) can elevate the intracellular calcium concentration in protoplasts. The elevation was related to the amount of salinity. The effect of salinity stress was inhibited by LiCl pretreatment but restored by inositol pretreatment. This suggested that salinity stress promoted the cytoplasmic calcium activity, perhaps by activating the phosphoinoditide system. As a result of salinity stress signals, elevated calcium activity may trigger corresponding metabolic changes, such as synthesis of enzyme via activating other members of calcium signal system, fit the cells for the change of the environment."}
	}}
