{"resource": {
	"language":"eng",
	"title":{"value":"Antiproliferative effect of isosteviol on angiotensin-II-treated rat aortic smooth muscle cells."},
	"subject":[
		{"value":"Angiotensin II"},
	{"value":"Animals"},
	{"value":"Aorta, Thoracic"},
	{"value":"Cell Proliferation"},
	{"value":"Cells, Cultured"},
	{"value":"Diterpenes, Kaurane"},
	{"value":"Dose-Response Relationship, Drug"},
	{"value":"Endothelin-1"},
	{"value":"Male"},
	{"value":"Myocytes, Smooth Muscle"},
	{"value":"Rats"},
	{"value":"Rats, Sprague-Dawley"},
	{"value":"Reactive Oxygen Species"},
	{"value":"Sweetening Agents"}
	],
	"pageStart":163,
	"volume":4,
	"pageEnd":9,
	"about":"https://www.ncbi.nlm.nih.gov/pubmed/PM16479148",
	"identifier":"PM16479148",
	"type":"Journal Article",
	"isPartOf":
		{"Journal":
		{"title":{"value":"Pharmacology"},
	"ISSN":{"value":"0031-7012"}
	}
	},
	"issued":"2006-04-13",
	"dateSubmitted":2016,
	"creator":[
		{
		"Person":
		{"name":"Wong, Kar-Lok, KL"
	}
	},
	{
		"Person":
		{"name":"Lin, Jia-Wei, JW"
	}
	},
	{
		"Person":
		{"name":"Liu, Ju-Chi, JC"
	}
	},
	{
		"Person":
		{"name":"Yang, Hung-Yu, HY"
	}
	},
	{
		"Person":
		{"name":"Kao, Pei-Feng, PF"
	}
	},
	{
		"Person":
		{"name":"Chen, Cheng-Hsien, CH"
	}
	},
	{
		"Person":
		{"name":"Loh, Shih-Hurng, SH"
	}
	},
	{
		"Person":
		{"name":"Chiu, Wen-Ta, WT"
	}
	},
	{
		"Person":
		{"name":"Cheng, Tzu-Hurng, TH"
	}
	},
	{
		"Person":
		{"name":"Lin, Jaung-Geng, JG"
	}
	},
	{
		"Person":
		{"name":"Hong, Hong-Jye, HJ"
	}
	}
	],
	"abstract":{"value":"Isosteviol is a derivative of stevioside, a constituent of Stevia rebaudiana, which is commonly used as a noncaloric sugar substitute in Japan and Brazil. The aims of this study were to examine whether isosteviol alters angiotensin-II-induced cell proliferation in rat aortic smooth muscle cells. Cultured rat aortic smooth muscle cells were preincubated with isosteviol, then stimulated with angiotensin II, after which [(3)H]thymidine incorporation and endothelin-1 secretion were examined. Isosteviol (1-100 micromol/l) inhibits angiotensin-II-induced DNA synthesis and endothelin-1 secretion. Measurements of 2'7'-dichlorofluorescin diacetate, a redox-sensitive fluorescent dye, showed an isosteviol-mediated inhibition of intracellular reactive oxygen species generated by the effects of angiotensin II. The inductive properties of angiotensin II on extracellular signal-regulated kinase (ERK) phosphorylation were found reversed with isosteviol and antioxidants such as N-acetylcysteine. In summary, we speculate that isosteviol inhibits angiotensin-II-induced cell proliferation and endothelin-1 secretion via attenuation of reactive oxygen species generation. Thus, this study provides important insights that may contribute to the effects of isosteviol on the cardiovascular system."}
	,"source":{"resource":"https://www.ncbi.nlm.nih.gov/pubmed/"}}}
