{"resource": {
	"language":"eng",
	"title":{"value":"Sucrose substitutes and their role in caries prevention."},
	"subject":[
		{"value":"Aspartame"},
	{"value":"Dental Caries"},
	{"value":"Humans"},
	{"value":"Isomaltose"},
	{"value":"Plant Proteins"},
	{"value":"Stevia"},
	{"value":"Sugar Alcohols"},
	{"value":"Sweetening Agents"}
	],
	"pageStart":119,
	"volume":3,
	"pageEnd":30,
	"about":"http://agris.fao.org/aos/records/PM16826877",
	"identifier":"PM16826877",
	"type":"Journal Article",
	"isPartOf":
		{"Journal":
		{"title":{"value":"International dental journal"},
	"ISSN":{"value":"0020-6539"}
	}
	},
	"issued":"2006-07-07",
	"dateSubmitted":"forIndex",
	"creator":[
		{
		"Person":
		{"name":"Matsukubo, Takashi, T"
	}
	},
	{
		"Person":
		{"name":"Takazoe, Ichiro, I"
	}
	}
	],
	"abstract":{"value":"Many non- or low-cariogenic sucrose substitutes are currently available and are found as ingredients of a variety of candy, chewing gum, and drinks. Recently the role of sugar alcohols in promoting remineralisation of enamel has attracted much attention. Thus, the dental profession needs to understand the general characteristics and features of sugar substitutes to provide advice on oral health to patients as well as the general public. There are two critical requirements for sucrose substitutes, namely, being nutritionally appropriate and not being detrimental to the overall general health of the individual. The use of a greater variety of confectionary containing sucrose substitutes and the development of new substitutes with high nutritional value are essential in the battle against caries. In this paper we review in detail the characteristics of sucrose substitutes currently in use, their role in caries prevention and promotion of oral health."}
	}}
