{"resource": {
	"language":"eng",
	"title":{"value":"Inhibitory effects of hot water extract of the Stevia stem on the contractile response of the smooth muscle of the guinea pig ileum."},
	"subject":[
		{"value":"Acetylcholine"},
	{"value":"Animals"},
	{"value":"Butanols"},
	{"value":"Chromatography, High Pressure Liquid"},
	{"value":"Diterpenes, Kaurane"},
	{"value":"Glucosides"},
	{"value":"Guinea Pigs"},
	{"value":"Hot Temperature"},
	{"value":"Ileum"},
	{"value":"Male"},
	{"value":"Mass Spectrometry"},
	{"value":"Molecular Weight"},
	{"value":"Muscle Contraction"},
	{"value":"Muscle, Smooth"},
	{"value":"Plant Extracts"},
	{"value":"Plant Shoots"},
	{"value":"Stevia"},
	{"value":"Water"}
	],
	"pageStart":489,
	"volume":2,
	"pageEnd":94,
	"about":"https://www.ncbi.nlm.nih.gov/pubmed/PM16495667",
	"identifier":"PM16495667",
	"type":"Journal Article",
	"isPartOf":
		{"Journal":
		{"title":{"value":"Bioscience, biotechnology, and biochemistry"},
	"ISSN":{"value":"0916-8451"}
	}
	},
	"issued":"2006-02-23",
	"dateSubmitted":2016,
	"creator":[
		{
		"Person":
		{"name":"Shiozaki, Kazuhiro, K"
	}
	},
	{
		"Person":
		{"name":"Fujii, Akiko, A"
	}
	},
	{
		"Person":
		{"name":"Nakano, Toshiki, T"
	}
	},
	{
		"Person":
		{"name":"Yamaguchi, Toshiyasu, T"
	}
	},
	{
		"Person":
		{"name":"Sato, Minoru, M"
	}
	}
	],
	"abstract":{"value":"The effects of a hot water extract of the stem of Stevia rebaudiana on the smooth muscle of isolated guinea pig ileum were investigated. The butyl alcohol layer of the extract antagonized the contractions of the isolated guinea pig ileum induced by histamine (1 x 10(-5) M) and acetylcholine (1 x 10(-5) M) in a concentration-dependent manner. The butyl alcohol layer of the extract also showed inhibition of CaCl(2) (1 x 10(-3)-3.8 x 10(-1) M)-induced contractions. The antagonism of the extract was considered to be non-specific, but this action might be related to an influx of extracellular Ca(2+). With column chromatography preparation, the active component was assumed to be as stevioside. The antagonistic effects exerted by the stem extract of Stevia rebaudiana contributed to the gastroprotective activity of the extract in animals fed dietary histamine."}
	,"source":{"resource":"https://www.ncbi.nlm.nih.gov/pubmed/"}}}
