{"resource": {
	"issued":"2005-06-27",
	"dateSubmitted":2016,
	"language":"eng",
	"title":{"value":"More about stevia, a non-approved sweetener."},
	"subject":[
		{"value":"Animals"},
	{"value":"Humans"},
	{"value":"Mutagens"},
	{"value":"Stevia"},
	{"value":"Sweetening Agents"}
	],
	"pageStart":6,
	"volume":10,
	"pageEnd":7,
	"about":"https://www.ncbi.nlm.nih.gov/pubmed/PM16156063",
	"identifier":"PM16156063",
	"type":"Journal Article",
	"isPartOf":
		{"Journal":
		{"title":{"value":"Harvard women's health watch"},
	"ISSN":{"value":"1070-910X"}
	}
	}
	,"source":{"resource":"https://www.ncbi.nlm.nih.gov/pubmed/"}}}
