{"resource": {
	"language":"eng",
	"title":{"value":"Comparative effects of Stevia rebaudiana leaves and stevioside on glycaemia and hepatic gluconeogenesis."},
	"subject":[
		{"value":"Administration, Oral"},
	{"value":"Animals"},
	{"value":"Diabetes Mellitus, Type 1"},
	{"value":"Diterpenes, Kaurane"},
	{"value":"Gluconeogenesis"},
	{"value":"Glucose"},
	{"value":"Glucosides"},
	{"value":"Hypoglycemic Agents"},
	{"value":"Liver"},
	{"value":"Male"},
	{"value":"Phytotherapy"},
	{"value":"Plant Extracts"},
	{"value":"Plant Leaves"},
	{"value":"Rats"},
	{"value":"Rats, Wistar"},
	{"value":"Stevia"}
	],
	"pageStart":691,
	"volume":8,
	"pageEnd":6,
	"about":"http://agris.fao.org/aos/records/PM16732523",
	"identifier":"PM16732523",
	"type":"Journal Article",
	"isPartOf":
		{"Journal":
		{"title":{"value":"Planta medica"},
	"ISSN":{"value":"0032-0943"}
	}
	},
	"issued":"2006-06-29",
	"dateSubmitted":2016,
	"creator":[
		{
		"Person":
		{"name":"Ferreira, Edilene Bega, EB"
	}
	},
	{
		"Person":
		{"name":"de Assis Rocha Neves, Francisco, F"
	}
	},
	{
		"Person":
		{"name":"da Costa, Marlom Anselmo, MA"
	}
	},
	{
		"Person":
		{"name":"do Prado, Wilson Alves, WA"
	}
	},
	{
		"Person":
		{"name":"de Araújo Funari Ferri, Letícia, L"
	}
	},
	{
		"Person":
		{"name":"Bazotte, Roberto Barbosa, RB"
	}
	}
	],
	"abstract":{"value":"The purpose of the present study was to compare the effect of the oral treatment (gavage) with Stevia rebaudiana (Bert.) Bertoni (SRB) and stevioside (STV) on glycaemia and gluconeogenesis of 15-h fasted rats. For this purpose, the rats received SRB (20 mg/kg x day), STV (5.5 mg/kg x day) or an equal volume of water (controls) during 15 days. To measure hepatic gluconeogenesis, liver perfusion and isolated hepatocytes were used. Glycaemia and gluconeogenesis from L-alanine (5 mM), L-glutamine (5 mM) and L-lactate (2 mM) were decreased (P < 0.05) after pre-treatment with SRB. However, the treatment with STV did not influence glycaemia and gluconeogenesis. Moreover, to get further information about the mechanism by which SRB leaves inhibit gluconeogenesis their potential role as a PPARgamma agonist was investigated. The data showed absence of activation of PPARgamma receptors. In summary, our results showed that the reduction of glycaemia promoted by the treatment with SRB leaves was mediated, at least in part, by an inhibition of hepatic gluconeogenesis. However, this effect did not involve stevioside and the activation of PPARgamma receptors."}
	}}
