{"resource": {
	"language":"eng",
	"title":{"value":"Transfructosylation of rebaudioside A (a sweet glycoside of Stevia leaves) with Microbacterium beta-fructofuranosidase."},
	"subject":[
		{"value":"Actinomycetales"},
	{"value":"Diterpenes, Kaurane"},
	{"value":"Fructose"},
	{"value":"Glycoside Hydrolases"},
	{"value":"Plants"},
	{"value":"Sweetening Agents"},
	{"value":"Terpenes"},
	{"value":"beta-Fructofuranosidase"}
	],
	"pageStart":2043,
	"volume":8,
	"pageEnd":5,
	"about":"http://agris.fao.org/aos/records/PM1797424",
	"identifier":"PM1797424",
	"type":"Journal Article",
	"isPartOf":
		{"Journal":
		{"title":{"value":"Chemical & pharmaceutical bulletin"},
	"ISSN":{"value":"0009-2363"}
	}
	},
	"issued":"1992-04-15",
	"dateSubmitted":2016,
	"creator":[
		{
		"Person":
		{"name":"Ishikawa, H, H"
	}
	},
	{
		"Person":
		{"name":"Kitahata, S, S"
	}
	},
	{
		"Person":
		{"name":"Ohtani, K, K"
	}
	},
	{
		"Person":
		{"name":"Tanaka, O, O"
	}
	}
	],
	"abstract":{"value":"It was found that a beta-fructofuranosidase produced by Microbacterium sp. H-1 has potent trans-beta-fructofuranosylation activity from sucrose (donor). By means of this enzyme system, rebaudioside A (RA), the second major sweet steviol glycoside of the leaves of Stevia rebaudiana, was subjected to transfructosylation, affording a mono-beta-fructofuranosylated product (RA-F) in a high yield. The structure of RA-F was elucidated as beta-D-fructofuranosyl-(2----6)-beta-D-glucopyranosyl ester of steviol-13-O-[beta-D-glucopyranosyl-(1----2)]- [beta-D-glucopyranosyl-(1----3)]-beta-D-glucopyranoside. Some improvement in the quality of sweetness was observed for RA-F."}
	}}
