{"resource": {
	"language":"eng",
	"title":{"value":"Sensitivity of ketogenesis and citric acid cycle to stevioside inhibition of palmitate transport across the cell membrane."},
	"subject":[
		{"value":"Animals"},
	{"value":"Carbon Dioxide"},
	{"value":"Cell Membrane Permeability"},
	{"value":"Citric Acid Cycle"},
	{"value":"Diterpenes"},
	{"value":"Diterpenes, Kaurane"},
	{"value":"Glucosides"},
	{"value":"Ketone Bodies"},
	{"value":"Liver"},
	{"value":"Oxygen Consumption"},
	{"value":"Palmitates"},
	{"value":"Rats"},
	{"value":"Terpenes"}
	],
	"pageStart":767,
	"volume":8,
	"pageEnd":71,
	"about":"http://agris.fao.org/aos/records/PM1797264",
	"identifier":"PM1797264",
	"type":"Journal Article",
	"isPartOf":
		{"Journal":
		{"title":{"value":"Brazilian journal of medical and biological research = Revista brasileira de pesquisas médicas e biológicas / Sociedade Brasileira de Biofísica ... [et al.]"},
	"ISSN":{"value":"0100-879X"}
	}
	},
	"issued":"1992-04-15",
	"dateSubmitted":2016,
	"creator":[
		{
		"Person":
		{"name":"Constantin, J, J"
	}
	},
	{
		"Person":
		{"name":"Ishii-Iwamoto, E L, EL"
	}
	},
	{
		"Person":
		{"name":"Ferraresi-Filho, O, O"
	}
	},
	{
		"Person":
		{"name":"Kelmer-Bracht, A M, AM"
	}
	},
	{
		"Person":
		{"name":"Bracht, A, A"
	}
	}
	],
	"abstract":{"value":"The effect of stevioside, an inhibitor of long-chain fatty acid transport, on ketogenesis and on [14C]CO2 production from [1-14C]palmitate (100-300 microM) was investigated in the isolated and hemoglobin-free perfused rat liver. Stevioside (2.5 mM), a sweet glycoside found in Stevia rebaudiana leaves, inhibited both parameters, but had a lower effect on [14C]CO2 production. At 300 microM palmitate and 150 microM albumin, for example, ketogenesis was inhibited by 66.3%, whereas no significant inhibition of [14C]CO2 was demonstrable. These results were interpreted to reflect 1) different degrees of saturation of the citric acid cycle and the ketogenic pathway and 2) changes in the redox state of the mitochondrial NAD(+)-NADH couple which may also occur upon stevioside infusion."}
	}}
