{"resource": {
	"language":"eng",
	"title":{"value":"Studies on the tissue culture of Stevia rebaudiana and its components; (II). Induction of shoot primordia."},
	"pageStart":321,
	"volume":4,
	"doi":"10.1055/s-2007-969165",
	"pageEnd":3,
	"about":"http://agris.fao.org/aos/records/PM17345320",
	"identifier":"PM17345320",
	"type":"Journal Article",
	"isPartOf":
		{"Journal":
		{"title":{"value":"Planta medica"},
	"ISSN":{"value":"0032-0943"}
	}
	},
	"issued":"2007-03-08",
	"dateSubmitted":"forIndex",
	"creator":[
		{
		"Person":
		{"name":"Miyagawa, H, H"
	}
	},
	{
		"Person":
		{"name":"Fujioka, N, N"
	}
	},
	{
		"Person":
		{"name":"Kohda, H, H"
	}
	},
	{
		"Person":
		{"name":"Yamasaki, K, K"
	}
	},
	{
		"Person":
		{"name":"Taniguchi, K, K"
	}
	},
	{
		"Person":
		{"name":"Tanaka, R, R"
	}
	}
	],
	"abstract":{"value":"Shoot primordia, which were able to propagate vegetatively with a very high rate and to redifferentiate easily to new plants, were induced from shoot tips of Stevia rebaudiana Bertoni on Gamborg B5 medium containing 6-benzylaminopurine (BAP) and alpha-naphthaleneacetic acid (NAA) under light. The propagation of the shoot primordia of Stevia rebaudiana is rapid, and they are highly stable in chromosome number and karyotype. The shoot primordia can propagate at a high rate for a long time without differentiation. At any time, the shoot primordia readily developed into plantlets with shoots and roots within 2 or 3 weeks in static culture on B5 medium containing 0.02 mg/l BAP and 2% sucrose. The plantlets were transplanted to sterilized soil to grow to normal adult plants."}
	}}
