{"resource": {
	"language":"eng",
	"title":{"value":"In vitro propagation of Stevia rebaudina plants using multiple shoot culture."},
	"pageStart":775,
	"volume":8,
	"pageEnd":6,
	"about":"https://www.ncbi.nlm.nih.gov/pubmed/PM17253328",
	"identifier":"PM17253328",
	"type":"Other",
	"isPartOf":
		{"Journal":
		{"title":{"value":"Planta medica"},
	"ISSN":{"value":"0032-0943"}
	}
	},
	"issued":"2007-01-26",
	"dateSubmitted":2016,
	"creator":[
		{
		"Person":
		{"name":"Nepovím, A, A"
	}
	},
	{
		"Person":
		{"name":"Vanek, T, T"
	}
	}
	],
	"abstract":{"value":"A multiple shoot culture was induced from nodal segments on MS medium containing half concentration of macroelements, 1% sucrose, and supplemented with NAA (0.01 mg/l). A bioreactor with hormone-free MS medium (300 ml) was inoculated with 1.5 g of the multiple shoot culture and cultivated for a month. The cultivating process of the multiple shoot culture in the bioreactor and the transfer into ex vitro conditions took about 8-9 weeks and produced approx. 600 new seedlings, that could be transferred from greenhouse to field conditions."}
	,"source":{"resource":"https://www.ncbi.nlm.nih.gov/pubmed/"}}}
