{"resource": {
	"language":"eng",
	"title":{"value":"Here comes the controversial new sugar substitute stevia. Soon it could sweeten foods from yogurt to diet soda."},
	"pageStart":90,
	"subject":[
		{"value":"Food"},
	{"value":"Stevia"},
	{"value":"Sweetening Agents"}
	],
	"volume":6,
	"about":"http://agris.fao.org/aos/records/PM18831106",
	"type":"Other",
	"identifier":"PM18831106",
	"isPartOf":
		{"Journal":
		{"title":{"value":"U.S. news & world report"},
	"ISSN":{"value":"0041-5537"}
	}
	},
	"issued":"2008-10-03",
	"dateSubmitted":2016,
	"creator":
		{"Person":
		{"name":"Voiland, Adam, A"
	}
	}
	}}
