{"resource": {
	"language":"eng",
	"title":{"value":"The hemodynamic effects of rebaudioside A in healthy adults with normal and low-normal blood pressure."},
	"subject":[
		{"value":"Adolescent"},
	{"value":"Adult"},
	{"value":"Aged"},
	{"value":"Blood Pressure"},
	{"value":"Blood Pressure Monitoring, Ambulatory"},
	{"value":"Body Weight"},
	{"value":"Diet"},
	{"value":"Diterpenes, Kaurane"},
	{"value":"Double-Blind Method"},
	{"value":"Exercise"},
	{"value":"Female"},
	{"value":"Heart Rate"},
	{"value":"Hemodynamics"},
	{"value":"Humans"},
	{"value":"Male"},
	{"value":"Middle Aged"},
	{"value":"Placebos"},
	{"value":"Posture"},
	{"value":"Sweetening Agents"}
	],
	"pageStart":"S40",
	"pageEnd":6,
	"about":"http://agris.fao.org/aos/records/PM18555574",
	"identifier":"PM18555574",
	"type":"Journal Article",
	"isPartOf":
		{"Journal":
		{"title":{"value":"Food and chemical toxicology : an international journal published for the British Industrial Biological Research Association"},
	"ISSN":{"value":"0278-6915"}
	}
	},
	"issued":"2008-06-30",
	"dateSubmitted":2016,
	"creator":[
		{
		"Person":
		{"name":"Maki, K C, KC"
	}
	},
	{
		"Person":
		{"name":"Curry, L L, LL"
	}
	},
	{
		"Person":
		{"name":"Carakostas, M C, MC"
	}
	},
	{
		"Person":
		{"name":"Tarka, S M, SM"
	}
	},
	{
		"Person":
		{"name":"Reeves, M S, MS"
	}
	},
	{
		"Person":
		{"name":"Farmer, M V, MV"
	}
	},
	{
		"Person":
		{"name":"McKenney, J M, JM"
	}
	},
	{
		"Person":
		{"name":"Toth, P D, PD"
	}
	},
	{
		"Person":
		{"name":"Schwartz, S L, SL"
	}
	},
	{
		"Person":
		{"name":"Lubin, B C, BC"
	}
	},
	{
		"Person":
		{"name":"Dicklin, M R, MR"
	}
	},
	{
		"Person":
		{"name":"Boileau, A C, AC"
	}
	},
	{
		"Person":
		{"name":"Bisognano, J D, JD"
	}
	}
	],
	"abstract":{"value":"Rebaudioside A and stevioside are steviol glycosides extracted from the plant Stevia rebaudiana Bertoni and are used in several countries as food and beverage sweeteners. This randomized, double-blind trial evaluated the hemodynamic effects of 4weeks consumption of 1000mg/day rebaudioside A vs. placebo in 100 individuals with normal and low-normal systolic blood pressure (SBP) and diastolic blood pressure (DBP). Subjects were predominantly female (76%, rebaudioside A and 82%, placebo) with a mean age of approximately 41 (range 18-73) years. At baseline, mean resting, seated SBP/DBP was 110.0/70.3mmHg and 110.7/71.2mmHg for the rebaudioside A and placebo groups, respectively. Compared with placebo, rebaudioside A did not significantly alter resting, seated SBP, DBP, mean arterial pressure (MAP), heart rate (HR) or 24-h ambulatory blood pressures responses. These results indicate that consumption of as much as 1000mg/day of rebaudioside A produced no clinically important changes in blood pressure in healthy adults with normal and low-normal blood pressure."}
	}}
