{"resource": {
	"language":"eng",
	"title":{"value":"Oxidative DNA damage preventive activity and antioxidant potential of Stevia rebaudiana (Bertoni) Bertoni, a natural sweetener."},
	"subject":[
		{"value":"Antioxidants"},
	{"value":"DNA Damage"},
	{"value":"Flavonoids"},
	{"value":"Lipid Peroxidation"},
	{"value":"Oxidative Stress"},
	{"value":"Phenols"},
	{"value":"Plant Extracts"},
	{"value":"Plant Leaves"},
	{"value":"Polyphenols"},
	{"value":"Stevia"},
	{"value":"Sweetening Agents"}
	],
	"pageStart":10962,
	"volume":26,
	"pageEnd":7,
	"about":"http://agris.fao.org/aos/records/PM18038982",
	"identifier":"PM18038982",
	"type":"Journal Article",
	"isPartOf":
		{"Journal":
		{"title":{"value":"Journal of agricultural and food chemistry"},
	"ISSN":{"value":"0021-8561"}
	}
	},
	"issued":"2007-12-19",
	"dateSubmitted":2016,
	"creator":[
		{
		"Person":
		{"name":"Ghanta, Srijani, S"
	}
	},
	{
		"Person":
		{"name":"Banerjee, Anindita, A"
	}
	},
	{
		"Person":
		{"name":"Poddar, Avijit, A"
	}
	},
	{
		"Person":
		{"name":"Chattopadhyay, Sharmila, S"
	}
	}
	],
	"abstract":{"value":"At 0.1 mg/mL, the ethyl acetate extract (EAE) of the crude 85% methanolic extract (CAE) of Stevia rebaudiana leaves exhibited preventive activity against DNA strand scission by *OH generated in Fenton's reaction on pBluescript II SK (-) DNA. Its efficacy is better than that of quercetin. The radical scavenging capacity of CAE was evaluated by the DPPH test (IC50=47.66+/-1.04 microg/mL). EAE was derived from CAE scavenged DPPH (IC50=9.26+/-0.04 microg/mL), ABTS+ (IC50=3.04+/-0.22 microg/mL) and *OH (IC50=3.08+/-0.19 microg/mL). Additionally, inhibition of lipid peroxidation induced with 25 mM FeSO 4 on rat liver homogenate as a lipid source was noted with CAE (IC50=2.1+/-1.07 mg/mL). The total polyphenols and total flavonoids of EAE were 0.86 mg gallic acid equivalents/mg and 0.83 mg of quercetin equivalents/mg, respectively. Flavonoids, isolated from EAE, were characterized as quercetin-3-O-arabinoside, quercitrin, apigenin, apigenin-4-O-glucoside, luteolin, and kaempferol-3-O-rhamnoside by LC-MS and NMR analysis. These results indicate that Stevia rebaudiana may be useful as a potential source of natural antioxidants."}
	}}
