{"resource": {
	"language":"eng",
	"title":{"value":"Apparent lack of pharmacological effect of steviol glycosides used as sweeteners in humans. A pilot study of repeated exposures in some normotensive and hypotensive individuals and in Type 1 and Type 2 diabetics."},
	"subject":[
		{"value":"Adult"},
	{"value":"Aged"},
	{"value":"Blood Glucose"},
	{"value":"Blood Pressure"},
	{"value":"Diabetes Mellitus, Type 1"},
	{"value":"Diabetes Mellitus, Type 2"},
	{"value":"Diterpenes, Kaurane"},
	{"value":"Dose-Response Relationship, Drug"},
	{"value":"Double-Blind Method"},
	{"value":"Female"},
	{"value":"Glucosides"},
	{"value":"Hemoglobin A, Glycosylated"},
	{"value":"Humans"},
	{"value":"Hypotension"},
	{"value":"Insulin"},
	{"value":"Male"},
	{"value":"Middle Aged"},
	{"value":"Pilot Projects"},
	{"value":"Sweetening Agents"}
	],
	"pageStart":37,
	"volume":1,
	"pageEnd":41,
	"about":"http://agris.fao.org/aos/records/PM18397817",
	"identifier":"PM18397817",
	"type":"Journal Article",
	"isPartOf":
		{"Journal":
		{"title":{"value":"Regulatory toxicology and pharmacology : RTP"},
	"ISSN":{"value":"0273-2300"}
	}
	},
	"issued":"2008-05-20",
	"dateSubmitted":2016,
	"creator":[
		{
		"Person":
		{"name":"Barriocanal, Luis A, LA"
	}
	},
	{
		"Person":
		{"name":"Palacios, Mafalda, M"
	}
	},
	{
		"Person":
		{"name":"Benitez, Gilda, G"
	}
	},
	{
		"Person":
		{"name":"Benitez, Sussam, S"
	}
	},
	{
		"Person":
		{"name":"Jimenez, Jorge T, JT"
	}
	},
	{
		"Person":
		{"name":"Jimenez, Nora, N"
	}
	},
	{
		"Person":
		{"name":"Rojas, Vicenta, V"
	}
	}
	],
	"abstract":{"value":"Steviol glycosides, isolated from the plant Stevia rebaudiana (Bertoni) Bertoni, have been used as safe sweetening agents for more than 30 years. Beneficial effects of high doses of steviol glycosides on hyperglycemia and hypertension have been previously described when these abnormalities are present. This study was designed to evaluate the effects of steviol glycosides on blood glucose and on blood pressure (BP) in 3 groups of individuals. This was a randomized, double-blind, placebo-controlled, long-term study in three groups of patients: Group 1: subjects with Type 1 diabetes; Group 2: subjects with Type 2 diabetes; and Group 3: subjects without diabetes and with normal/low-normal BP levels. The subjects in each group were randomly allocated to active treatment (the steviol glycoside stevioside: 250mg t.d.s.) or to placebo treatment and followed-up for 3 months. Post-treatment systolic BP, diastolic BP, glucose and glycated hemoglobin (HbA1c) were not significantly different from baseline measurements, except for the placebo Type 1 diabetics group where a significant difference was observed for systolic BP and glucose. No side effects were observed in the two treatment groups. This study shows that oral steviol glycosides, taken as sweetener are well tolerated and have no pharmacological effect."}
	}}
