{"resource": {
	"language":"eng",
	"title":{"value":"Development of rebiana, a natural, non-caloric sweetener."},
	"subject":[
		{"value":"Diet"},
	{"value":"Diterpenes, Kaurane"},
	{"value":"Drug Stability"},
	{"value":"Humans"},
	{"value":"Plant Leaves"},
	{"value":"Stevia"},
	{"value":"Sweetening Agents"},
	{"value":"Taste"}
	],
	"pageStart":"S75",
	"doi":"10.1016/j.fct.2008.05.004",
	"pageEnd":82,
	"about":"http://agris.fao.org/aos/records/PM18554769",
	"identifier":"PM18554769",
	"type":"Journal Article",
	"isPartOf":
		{"Journal":
		{"title":{"value":"Food and chemical toxicology : an international journal published for the British Industrial Biological Research Association"},
	"ISSN":{"value":"0278-6915"}
	}
	},
	"issued":"2008-06-30",
	"dateSubmitted":"forIndex",
	"creator":[
		{
		"Person":
		{"name":"Prakash, I, I"
	}
	},
	{
		"Person":
		{"name":"Dubois, G E, GE"
	}
	},
	{
		"Person":
		{"name":"Clos, J F, JF"
	}
	},
	{
		"Person":
		{"name":"Wilkens, K L, KL"
	}
	},
	{
		"Person":
		{"name":"Fosdick, L E, LE"
	}
	}
	],
	"abstract":{"value":"Rebiana is the common name for high-purity rebaudioside A, a natural non-calorie sweetener 200-300 times more potent than sucrose. It provides zero calories and has a clean, sweet taste with no significant undesirable taste characteristics. It is functional in a wide array of beverages and foods and can be blended with other non-calorie or carbohydrate sweeteners. It is stable under dry conditions, and has much better stability than aspartame or neotame in aqueous food systems. Studies undertaken for the development of a purification process and for the full characterization of the properties of rebiana are reported here."}
	}}
