{"resource": {
	"language":"eng",
	"title":{"value":"In vitro antioxidant activity and total phenolic content of ethanolic leaf extract of Stevia rebaudiana Bert."},
	"subject":[
		{"value":"Biphenyl Compounds"},
	{"value":"Ethanol"},
	{"value":"Free Radical Scavengers"},
	{"value":"Free Radicals"},
	{"value":"In Vitro Techniques"},
	{"value":"Indicators and Reagents"},
	{"value":"Phenols"},
	{"value":"Picrates"},
	{"value":"Plant Extracts"},
	{"value":"Plant Leaves"},
	{"value":"Stevia"},
	{"value":"Superoxides"}
	],
	"pageStart":2338,
	"volume":9,
	"pageEnd":43,
	"about":"https://www.ncbi.nlm.nih.gov/pubmed/PM19540900",
	"identifier":"PM19540900",
	"type":"Journal Article",
	"isPartOf":
		{"Journal":
		{"title":{"value":"Food and chemical toxicology : an international journal published for the British Industrial Biological Research Association"},
	"ISSN":{"value":"1873-6351"}
	}
	},
	"issued":"2009-08-11",
	"dateSubmitted":2016,
	"creator":[
		{
		"Person":
		{"name":"Shukla, Shruti, S"
	}
	},
	{
		"Person":
		{"name":"Mehta, Archana, A"
	}
	},
	{
		"Person":
		{"name":"Bajpai, Vivek K, VK"
	}
	},
	{
		"Person":
		{"name":"Shukla, Savita, S"
	}
	}
	],
	"abstract":{"value":"The aim of this study was to assess the in vitro potential of ethanolic leaf extract of Stevia rebaudiana as a natural antioxidant. The DPPH activity of the extract (20, 40, 50, 100 and 200 microg/ml) was increased in a dose dependent manner, which was found in the range of 36.93-68.76% as compared to ascorbic acid 64.26-82.58%. The IC(50) values of ethanolic extract and ascorbic acid in DPPH radical scavenging assay were obtained to be 93.46 and 26.75 microg/ml, respectively. The ethanolic extract was also found to scavenge the superoxide generated by EDTA/NBT system. Measurement of total phenolic content of the ethanolic extract of S. rebaudiana was achieved using Folin-Ciocalteau reagent containing 61.50 mg/g of phenolic content, which was found significantly higher when compared to reference standard gallic acid. The ethanolic extract also inhibited the hydroxyl radical, nitric oxide, superoxide anions with IC(50) values of 93.46, 132.05 and 81.08 microg/ml, respectively. However, the IC(50) values for the standard ascorbic acid were noted to be 26.75, 66.01 and 71.41 microg/ml respectively. The results obtained in this study clearly indicate that S. rebaudiana has a significant potential to use as a natural antioxidant agent."}
	,"source":{"resource":"https://www.ncbi.nlm.nih.gov/pubmed/"}}}
