{"resource": {
	"language":"eng",
	"title":{"value":"The complexes of drugs with carbohydrate-containing plant metabolites as pharmacologically promising agents."},
	"subject":[
		{"value":"Carbohydrates"},
	{"value":"Diterpenes, Kaurane"},
	{"value":"Galactans"},
	{"value":"Glucans"},
	{"value":"Glucosides"},
	{"value":"Glycyrrhizic Acid"},
	{"value":"Pectins"},
	{"value":"Pharmaceutical Preparations"},
	{"value":"Plants, Medicinal"},
	{"value":"Xylans"}
	],
	"pageStart":1317,
	"volume":11,
	"pageEnd":28,
	"about":"https://www.ncbi.nlm.nih.gov/pubmed/PM19929808",
	"identifier":"PM19929808",
	"type":"Journal Article",
	"isPartOf":
		{"Journal":
		{"title":{"value":"Mini reviews in medicinal chemistry"},
	"ISSN":{"value":"1875-5607"}
	}
	},
	"issued":"2009-11-25",
	"dateSubmitted":2016,
	"creator":[
		{
		"Person":
		{"name":"Tolstikova, T G, TG"
	}
	},
	{
		"Person":
		{"name":"Khvostov, M V, MV"
	}
	},
	{
		"Person":
		{"name":"Bryzgalov, A O, AO"
	}
	}
	],
	"abstract":{"value":"Complexation of known drugs with carbohydrate-containing plant metabolites is a promising way to synthesize new drugs that does not only save pharmacological properties of initial agent but also acquire a number of advantageous features such as increased water solubility, bioavailability and decreased toxicity. This review reports on the development and pharmacological evaluation of novel complexes of various well-known drugs with vegetable coplexation agents: glycyrrhizic acid, Stevia glycosides, gypsogenin tetraoside, pectin, xyloglucan, arabinogalactan. The aim of this review is to describe advantages of the new approach, suggested by authors, in the development of low toxic and high-performance drugs."}
	,"source":{"resource":"https://www.ncbi.nlm.nih.gov/pubmed/"}}}
