{"resource": {
	"issued":"2009-05-05",
	"dateSubmitted":2016,
	"language":"eng",
	"title":{"value":"What is stevia?"},
	"subject":[
		{"value":"Food Preferences"},
	{"value":"Health Knowledge, Attitudes, Practice"},
	{"value":"Humans"},
	{"value":"Stevia"},
	{"value":"Sweetening Agents"},
	{"value":"United States"},
	{"value":"United States Food and Drug Administration"}
	],
	"pageStart":8,
	"volume":6,
	"about":"http://agris.fao.org/aos/records/PM19415050",
	"identifier":"PM19415050",
	"type":"Journal Article",
	"isPartOf":
		{"Journal":
		{"title":{"value":"Mayo Clinic women's healthsource"},
	"ISSN":{"value":"1091-0220"}
	}
	}
	}}
