{"resource": {
	"language":"eng",
	"title":{"value":"NMR studies of the conformation of the natural sweetener rebaudioside A."},
	"subject":[
		{"value":"Carbohydrate Conformation"},
	{"value":"Diterpenes, Kaurane"},
	{"value":"Hydrogen Bonding"},
	{"value":"Magnetic Resonance Spectroscopy"},
	{"value":"Molecular Dynamics Simulation"},
	{"value":"Solutions"},
	{"value":"Sweetening Agents"}
	],
	"pageStart":2533,
	"volume":18,
	"pageEnd":8,
	"about":"http://agris.fao.org/aos/records/PM19889398",
	"identifier":"PM19889398",
	"type":"Journal Article",
	"isPartOf":
		{"Journal":
		{"title":{"value":"Carbohydrate research"},
	"ISSN":{"value":"1873-426X"}
	}
	},
	"issued":"2009-11-17",
	"dateSubmitted":2016,
	"creator":[
		{
		"Person":
		{"name":"Steinmetz, Wayne E, WE"
	}
	},
	{
		"Person":
		{"name":"Lin, Alvin, A"
	}
	}
	],
	"abstract":{"value":"Rebaudioside A is a natural sweetener from Stevia rebaudiana in which four beta-D-glucopyranose units are attached to the aglycone steviol. Its (1)H and (13)C NMR spectra in pyridine-d(5) were assigned using 1D and 2D methods. Constrained molecular dynamics of solvated rebaudioside using NMR constraints derived from ROESY cross peaks yielded the orientation of the beta-D-glucopyranose units. Hydrogen bonding was examined using the temperature coefficients of the hydroxyl chemical shifts, ROESY and long-range COSY spectra, and proton-proton coupling constants."}
	}}
