{"resource": {
	"language":"eng",
	"title":{"value":"Stevioside and related compounds: therapeutic benefits beyond sweetness."},
	"subject":[
		{"value":"Animals"},
	{"value":"Diterpenes, Kaurane"},
	{"value":"Glucosides"},
	{"value":"Humans"},
	{"value":"Stevia"},
	{"value":"Sweetening Agents"}
	],
	"pageStart":"e1",
	"volume":3,
	"doi":"10.1016/j.pharmthera.2009.03.005",
	"pageEnd":"2; author reply e3",
	"about":"http://agris.fao.org/aos/records/PM19344740",
	"identifier":"PM19344740",
	"type":"Other",
	"isPartOf":
		{"Journal":
		{"title":{"value":"Pharmacology & therapeutics"},
	"ISSN":{"value":"1879-016X"}
	}
	},
	"issued":"2009-05-25",
	"dateSubmitted":"forIndex",
	"creator":[
		{
		"Person":
		{"name":"Roberts, Ashley, A"
	}
	},
	{
		"Person":
		{"name":"Munro, Ian, I"
	}
	}
	]
	}}
