{"resource": {
	"language":"eng",
	"title":{"value":"A new acylated quercetin glycoside from the leaves of Stevia rebaudiana Bertoni."},
	"subject":[
		{"value":"Glycosides"},
	{"value":"Magnetic Resonance Spectroscopy"},
	{"value":"Molecular Structure"},
	{"value":"Plant Extracts"},
	{"value":"Plant Leaves"},
	{"value":"Quercetin"},
	{"value":"Stevia"}
	],
	"pageStart":1378,
	"volume":15,
	"pageEnd":83,
	"about":"http://agris.fao.org/aos/records/PM19809909",
	"identifier":"PM19809909",
	"type":"Journal Article",
	"isPartOf":
		{"Journal":
		{"title":{"value":"Natural product research"},
	"ISSN":{"value":"1478-6427"}
	}
	},
	"issued":"2009-10-07",
	"dateSubmitted":2016,
	"creator":[
		{
		"Person":
		{"name":"Li, Jun, J"
	}
	},
	{
		"Person":
		{"name":"Jiang, Hua, H"
	}
	},
	{
		"Person":
		{"name":"Shi, Renbing, R"
	}
	}
	],
	"abstract":{"value":"A new acylated quercetin glycoside quercetin-3-O-(4'''-O-trans-caffeoyl)-alpha-L-rhamnopyranosyl-(1-->6)-beta-D-galacopyranoside (1), along with luteolin (2), quercetin (3), luteolin-7-O-beta-D-glucoside (4), apigenin-7-O-beta-D-glucoside (5), quercitrin (6), quercetin-3-O-beta-D-arabinoside (7) and 4,5-di-O-caffeoyl quinic acid (8) have been isolated from the leaves of Stevia rebaudiana Bertoni. The structures of these compounds were determined by spectroscopic methods (1H- and 13C-NMR, IR and MS) and by 2D-NMR experiments."}
	}}
