{"resource": {
	"language":"eng",
	"title":{"value":"Effect of calcium and verapamil on renal function of rats during treatment with stevioside."},
	"subject":[
		{"value":"Animals"},
	{"value":"Blood Pressure"},
	{"value":"Calcium Chloride"},
	{"value":"Diterpenes"},
	{"value":"Diterpenes, Kaurane"},
	{"value":"Drug Synergism"},
	{"value":"Glomerular Filtration Rate"},
	{"value":"Glucosides"},
	{"value":"Infusions, Intravenous"},
	{"value":"Kidney"},
	{"value":"Male"},
	{"value":"Rats"},
	{"value":"Rats, Inbred Strains"},
	{"value":"Sodium"},
	{"value":"Terpenes"},
	{"value":"Verapamil"}
	],
	"pageStart":257,
	"volume":3,
	"pageEnd":62,
	"about":"http://agris.fao.org/aos/records/PM1921423",
	"identifier":"PM1921423",
	"type":"Journal Article",
	"isPartOf":
		{"Journal":
		{"title":{"value":"Journal of ethnopharmacology"},
	"ISSN":{"value":"0378-8741"}
	}
	},
	"issued":"1991-11-05",
	"dateSubmitted":2016,
	"creator":[
		{
		"Person":
		{"name":"Melis, M S, MS"
	}
	},
	{
		"Person":
		{"name":"Sainati, A R, AR"
	}
	}
	],
	"abstract":{"value":"A study conducted on rats using classical clearance techniques and arterial pressure measurements showed that stevioside from Stevia rebaudiana leaves produced a fall in systemic blood pressure, as well as diuresis and natriuresis per milliliter of glomerular filtration rate. Verapamil tended to increase the renal and systemic effects of stevioside. In contrast, an infusion of CaCl2 in rats prepared with stevioside induced a marked attenuation of the vasodilating responses of stevioside. These data are consistent with the possibility that stevioside may act as a calcium antagonist, as is the case for verapamil."}
	}}
