{"resource": {
	"language":"eng",
	"title":{"value":"Diterpene glycosides from Stevia rebaudiana."},
	"subject":[
		{"value":"Diterpenes"},
	{"value":"Diterpenes, Kaurane"},
	{"value":"Glucosides"},
	{"value":"Glycosides"},
	{"value":"Magnetic Resonance Spectroscopy"},
	{"value":"Molecular Structure"},
	{"value":"Plant Extracts"},
	{"value":"Plant Leaves"},
	{"value":"Stevia"}
	],
	"pageStart":3552,
	"volume":5,
	"pageEnd":62,
	"about":"http://agris.fao.org/aos/records/PM21527882",
	"identifier":"PM21527882",
	"type":"Journal Article",
	"isPartOf":
		{"Journal":
		{"title":{"value":"Molecules (Basel, Switzerland)"},
	"ISSN":{"value":"1420-3049"}
	}
	},
	"issued":"2011-04-29",
	"dateSubmitted":2016,
	"creator":[
		{
		"Person":
		{"name":"Chaturvedula, Venkata Sai Prakash, VS"
	}
	},
	{
		"Person":
		{"name":"Upreti, Mani, M"
	}
	},
	{
		"Person":
		{"name":"Prakash, Indra, I"
	}
	}
	],
	"abstract":{"value":"Three novel diterpene glycosides were isolated for the first time from the commercial extract of the leaves of Stevia rebaudiana, along with several known steviol glycosides, namely stevioside, rebaudiosides A-F, rubusoside and dulcoside A. The new compounds were identified as 13-[(2-O-β-D-glucopyranosyl-3-O-β-D-glucopyranosyl-β-D-glucopyranosyl)oxy] ent-kaur-15-en-19-oic acid, 13-[(2-O-β-D-glucopyranosyl-3-O-β-D-glucopyranosyl-β-D-glucopyranosyl)oxy]-16β-hydroxy-ent-kauran-19-oic acid and 13-methyl-16-oxo-17-nor-ent-kauran-19-oic acid-β-D-glucopyranosyl ester on the basis of extensive 2D NMR and MS spectroscopic data as well as chemical studies."}
	}}
