{"resource": {
	"language":"eng",
	"title":{"value":"Synthesis of ent-kaurane diterpene monoglycosides."},
	"subject":[
		{"value":"Catalysis"},
	{"value":"Diterpenes, Kaurane"},
	{"value":"Food"},
	{"value":"Magnetic Resonance Spectroscopy"},
	{"value":"Stevia"},
	{"value":"Sweetening Agents"}
	],
	"pageStart":8402,
	"volume":10,
	"pageEnd":9,
	"about":"http://agris.fao.org/aos/records/PM21968534",
	"identifier":"PM21968534",
	"type":"Journal Article",
	"isPartOf":
		{"Journal":
		{"title":{"value":"Molecules (Basel, Switzerland)"},
	"ISSN":{"value":"1420-3049"}
	}
	},
	"issued":"2011-10-04",
	"dateSubmitted":2016,
	"creator":[
		{
		"Person":
		{"name":"Chaturvedula, Venkata Sai Prakash, VS"
	}
	},
	{
		"Person":
		{"name":"Klucik, Josef, J"
	}
	},
	{
		"Person":
		{"name":"Upreti, Mani, M"
	}
	},
	{
		"Person":
		{"name":"Prakash, Indra, I"
	}
	}
	],
	"abstract":{"value":"Synthesis of two ent-kaurane diterpene glycosides, steviol 19-O-β-D-glucopyranosiduronic acid (steviol glucuronide, 5), and 13-hydroxy ent-kaur-16-en-19-oic acid-β-D-glucopyranosyl ester (7) has been achieved from a common starting material, steviol, using phase transfer catalyst. Also, synthesis of an additional 17-nor-ent-kaurane glycoside, namely 13-methyl-16-oxo-17-nor-ent-kauran-19-oic acid-β-D-glucopyranosyl ester (10) was performed using the starting material isosteviol and similar synthetic methodology. Synthesis of all three steviol glycosides was performed using straightforward chemistry and their structures were characterized on the basis of 1D and 2D NMR as well as mass spectral (MS) data."}
	}}
