{"resource": {
	"language":"eng",
	"title":{"value":"Two minor diterpene glycosides from the leaves of Stevia rebaudiana."},
	"subject":[
		{"value":"Diterpenes"},
	{"value":"Glycosides"},
	{"value":"Magnetic Resonance Spectroscopy"},
	{"value":"Plant Leaves"},
	{"value":"Stevia"}
	],
	"pageStart":175,
	"volume":2,
	"pageEnd":8,
	"about":"https://www.ncbi.nlm.nih.gov/pubmed/PM21425668",
	"identifier":"PM21425668",
	"type":"Journal Article",
	"isPartOf":
		{"Journal":
		{"title":{"value":"Natural product communications"},
	"ISSN":{"value":"1934-578X"}
	}
	},
	"issued":"2011-03-23",
	"dateSubmitted":2016,
	"creator":[
		{
		"Person":
		{"name":"Chaturvedula, Venkata Sai Prakash, VS"
	}
	},
	{
		"Person":
		{"name":"Rhea, Joshua, J"
	}
	},
	{
		"Person":
		{"name":"Milanowski, Dennis, D"
	}
	},
	{
		"Person":
		{"name":"Mocek, Ulla, U"
	}
	},
	{
		"Person":
		{"name":"Prakash, Indra, I"
	}
	}
	],
	"abstract":{"value":"Two new new diterpene glycosides, 13-[(2-O-(6-O-beta-D-glucopyranosyl)-beta-D-glucopyranosyl-beta-D-glucopyranosyl)oxy] kaur-16-en-18-oic acid beta-D-glucopyranosyl ester (1) and 13-[(2-O-beta-D-glucopyranosyl-3-O-beta-D-fructofuranosyl-beta-D-glucopyranosyl)oxy] kaur-16-en-18-oic acid beta-D-glucopyranosyl ester (2) were isolated from the leaves of Stevia rebaudiana, along with the known steviol glycosides stevioside, rebaudiosides A-F and dulcoside A. The structures of the two new compounds were established on the basis of extensive 2D NMR (COSY, HSQC, and HMBC), MS and chemical studies."}
	,"source":{"resource":"https://www.ncbi.nlm.nih.gov/pubmed/"}}}
