{"resource": {
	"language":"eng",
	"title":{"value":"A new bisabolene from Stevia tomentosa."},
	"subject":[
		{"value":"Molecular Structure"},
	{"value":"Plant Components, Aerial"},
	{"value":"Plant Roots"},
	{"value":"Sesquiterpenes"},
	{"value":"Stevia"}
	],
	"pageStart":1225,
	"volume":9,
	"pageEnd":8,
	"about":"https://www.ncbi.nlm.nih.gov/pubmed/PM21941883",
	"identifier":"PM21941883",
	"type":"Journal Article",
	"isPartOf":
		{"Journal":
		{"title":{"value":"Natural product communications"},
	"ISSN":{"value":"1934-578X"}
	}
	},
	"issued":"2011-09-26",
	"dateSubmitted":2016,
	"creator":[
		{
		"Person":
		{"name":"Valdez-Calderón, Alejandro, A"
	}
	},
	{
		"Person":
		{"name":"Torres-Valenci, J Martín, JM"
	}
	},
	{
		"Person":
		{"name":"Manríquez-Torres, J Jesús, JJ"
	}
	},
	{
		"Person":
		{"name":"Velázquez-Jiménez, René, R"
	}
	},
	{
		"Person":
		{"name":"Gómez-Hurtado, Mario A, MA"
	}
	},
	{
		"Person":
		{"name":"Román-Marín, Luisa U, LU"
	}
	},
	{
		"Person":
		{"name":"Hernández-Hernández, Juan D, JD"
	}
	},
	{
		"Person":
		{"name":"Cerda-García-Rojas, Carlos M, CM"
	}
	},
	{
		"Person":
		{"name":"Joseph-Nathan, Pedro, P"
	}
	}
	],
	"abstract":{"value":"The new sesquiterpene (1R,2R,3R,6R,7S)-1-acetoxy-2,3-dihydroxy-2,3-dihydrobisabolene (3) together with ten known terpenes and three known flavonoids were isolated from the aerial parts and from the roots of Stevia tomentosa. The structure of 3 follows from spectral studies, the relative chirality at C-3 follows from 1H NMR coupling constants comparison with the corresponding calculated values obtained by applying a generalized Karplus-type relationship to the dihedral angles of model compounds, and the absolute configuration is assumed in analogy to known (2R,3R,6R,7S)-2,3-epoxy-2,3-dihydrobisabolen-1-one (2)."}
	,"source":{"resource":"https://www.ncbi.nlm.nih.gov/pubmed/"}}}
