{"resource": {
	"language":"eng",
	"title":{"value":"Nonnutritive sweeteners, fructose, and other aspects of diet."},
	"subject":[
		{"value":"Congresses as Topic"},
	{"value":"Diet"},
	{"value":"Food Industry"},
	{"value":"Food Safety"},
	{"value":"Fructose"},
	{"value":"Humans"},
	{"value":"Stevia"},
	{"value":"Sweetening Agents"},
	{"value":"Thiazines"}
	],
	"pageStart":"e46",
	"volume":5,
	"pageEnd":51,
	"about":"https://www.ncbi.nlm.nih.gov/pubmed/PM21525491",
	"identifier":"PM21525491",
	"type":"Journal Article",
	"isPartOf":
		{"Journal":
		{"title":{"value":"Diabetes care"},
	"ISSN":{"value":"1935-5548"}
	}
	},
	"issued":"2011-04-28",
	"dateSubmitted":2016,
	"uri":"https://www.ncbi.nlm.nih.gov/pmc/articles/PMC3114502",
	"creator":
		{"Person":
		{"name":"Bloomgarden, Zachary T, ZT"
	}
	}
	,"source":{"resource":"https://www.ncbi.nlm.nih.gov/pubmed/"}}}
