{"resource": {
	"language":"eng",
	"title":{"value":"The safety and regulation of natural products used as foods and food ingredients."},
	"subject":[
		{"value":"Animals"},
	{"value":"Biological Products"},
	{"value":"Food"},
	{"value":"Food Additives"},
	{"value":"Food Safety"},
	{"value":"Food Supply"},
	{"value":"Humans"},
	{"value":"Legislation, Food"},
	{"value":"Mice"},
	{"value":"Public Policy"},
	{"value":"Rats"},
	{"value":"Social Control, Formal"}
	],
	"pageStart":333,
	"volume":2,
	"pageEnd":48,
	"about":"https://www.ncbi.nlm.nih.gov/pubmed/PM21821733",
	"identifier":"PM21821733",
	"type":"Journal Article",
	"isPartOf":
		{"Journal":
		{"title":{"value":"Toxicological sciences : an official journal of the Society of Toxicology"},
	"ISSN":{"value":"1096-0929"}
	}
	},
	"issued":"2011-09-28",
	"dateSubmitted":2016,
	"creator":[
		{
		"Person":
		{"name":"Abdel-Rahman, Ali, A"
	}
	},
	{
		"Person":
		{"name":"Anyangwe, Njwen, N"
	}
	},
	{
		"Person":
		{"name":"Carlacci, Louis, L"
	}
	},
	{
		"Person":
		{"name":"Casper, Steve, S"
	}
	},
	{
		"Person":
		{"name":"Danam, Rebecca P, RP"
	}
	},
	{
		"Person":
		{"name":"Enongene, Evaristus, E"
	}
	},
	{
		"Person":
		{"name":"Erives, Gladys, G"
	}
	},
	{
		"Person":
		{"name":"Fabricant, Daniel, D"
	}
	},
	{
		"Person":
		{"name":"Gudi, Ramadevi, R"
	}
	},
	{
		"Person":
		{"name":"Hilmas, Corey J, CJ"
	}
	},
	{
		"Person":
		{"name":"Hines, Fred, F"
	}
	},
	{
		"Person":
		{"name":"Howard, Paul, P"
	}
	},
	{
		"Person":
		{"name":"Levy, Dan, D"
	}
	},
	{
		"Person":
		{"name":"Lin, Ying, Y"
	}
	},
	{
		"Person":
		{"name":"Moore, Robert J, RJ"
	}
	},
	{
		"Person":
		{"name":"Pfeiler, Erika, E"
	}
	},
	{
		"Person":
		{"name":"Thurmond, T Scott, TS"
	}
	},
	{
		"Person":
		{"name":"Turujman, Saleh, S"
	}
	},
	{
		"Person":
		{"name":"Walker, Nigel J, NJ"
	}
	}
	],
	"abstract":{"value":"The use of botanicals and dietary supplements derived from natural substances as an adjunct to an improved quality of life or for their purported medical benefits has become increasingly common in the United States. This review addresses the safety assessment and regulation of food products containing these substances by the U.S. Food and Drug Administration (FDA). The issue of safety is particularly critical given how little information is available on the toxicity of some of these products. The first section uses case studies for stevia and green tea extracts as examples of how FDA evaluates the safety of botanical and herbal products submitted for consideration as Generally Recognized as Safe under the Federal Food, Drug, and Cosmetics Act. The 1994 Dietary Supplement Health Education Act (DSHEA) created a regulatory framework for dietary supplements. The article also discusses the regulation of this class of dietary supplements under DSHEA and addresses the FDA experience in analyzing the safety of natural ingredients described in pre-market safety submissions. Lastly, we discuss an ongoing interagency collaboration to conduct safety testing of nominated dietary supplements."}
	,"source":{"resource":"https://www.ncbi.nlm.nih.gov/pubmed/"}}}
