{"resource": {
	"language":"eng",
	"title":{"value":"Stevioside and related compounds - molecules of pharmaceutical promise: a critical overview."},
	"subject":[
		{"value":"Animals"},
	{"value":"Diterpenes, Kaurane"},
	{"value":"Glucosides"},
	{"value":"Humans"},
	{"value":"Plant Leaves"},
	{"value":"Stevia"},
	{"value":"Structure-Activity Relationship"},
	{"value":"Sweetening Agents"}
	],
	"pageStart":5,
	"volume":1,
	"pageEnd":19,
	"about":"https://www.ncbi.nlm.nih.gov/pubmed/PM21213347",
	"identifier":"PM21213347",
	"type":"Journal Article",
	"isPartOf":
		{"Journal":
		{"title":{"value":"Archiv der Pharmazie"},
	"ISSN":{"value":"1521-4184"}
	}
	},
	"issued":"2011-01-07",
	"dateSubmitted":2016,
	"creator":[
		{
		"Person":
		{"name":"Brahmachari, Goutam, G"
	}
	},
	{
		"Person":
		{"name":"Mandal, Lalan C, LC"
	}
	},
	{
		"Person":
		{"name":"Roy, Rajiv, R"
	}
	},
	{
		"Person":
		{"name":"Mondal, Sadhan, S"
	}
	},
	{
		"Person":
		{"name":"Brahmachari, Arun K, AK"
	}
	}
	],
	"abstract":{"value":"Stevioside, an ent-kaurene type of diterpenoid glycoside, is a natural sweetener extracted from leaves of Stevia rebaudiana (Bertoni) Bertoni. Stevioside and a few related compounds are regarded as the most common active principles of the plant. Such phytochemicals have not only been established as non-caloric sweeteners, but reported to exhibit some other pharmacological activities also. In this article, natural distribution of stevioside and related compounds, their structural features, plausible biosynthetic pathways along with an insight into the structure-sweetness relationship are presented. Besides, the pharmacokinetics, wide-range of pharmacological potentials, safety evaluation and clinical trials of these ent-kaurene glycosides are revisited."}
	,"source":{"resource":"https://www.ncbi.nlm.nih.gov/pubmed/"}}}
