{"resource": {
	"language":"eng",
	"title":{"value":"Characterization and quantification of hydroxycinnamate derivatives in Stevia rebaudiana leaves by LC-MSn."},
	"subject":[
		{"value":"Chromatography, Liquid"},
	{"value":"Coumaric Acids"},
	{"value":"Mass Spectrometry"},
	{"value":"Plant Leaves"},
	{"value":"Quinic Acid"},
	{"value":"Shikimic Acid"},
	{"value":"Stevia"},
	{"value":"Sweetening Agents"}
	],
	"pageStart":10143,
	"volume":18,
	"pageEnd":50,
	"about":"http://agris.fao.org/aos/records/PM21806067",
	"identifier":"PM21806067",
	"type":"Journal Article",
	"isPartOf":
		{"Journal":
		{"title":{"value":"Journal of agricultural and food chemistry"},
	"ISSN":{"value":"1520-5118"}
	}
	},
	"issued":"2011-09-21",
	"dateSubmitted":2016,
	"creator":[
		{
		"Person":
		{"name":"Karaköse, Hande, H"
	}
	},
	{
		"Person":
		{"name":"Jaiswal, Rakesh, R"
	}
	},
	{
		"Person":
		{"name":"Kuhnert, Nikolai, N"
	}
	}
	],
	"abstract":{"value":"Stevia rebaudiana leaves are used as a zero-calorie natural sweetener in a variety of food products in Asian countries, especially in Japan. In this study, the hydroxycinnamate derivatives of S. rebaudiana have been investigated qualitatively and quantitatively by LC-MSn. Twenty-four hydroxycinnamic acid derivatives of quinic and shikimic acid were detected, and 19 of them were successfully characterized to regioisomeric levels; 23 are reported for the first time from this source. These comprise three monocaffeoylquinic acids (Mr 354), seven dicaffeoylquinic acids (Mr 516), one p-coumaroylquinic acid (Mr 338), one feruloylquinic acid (Mr 368), two caffeoyl-feruloylquinic acids (Mr 530), three caffeoylshikimic acids (Mr 336), and two tricaffeoylquinic acids (Mr 678). Cis isomers of di- and tricaffeoylquinic acids were observed as well. Three tricaffeoylquinic acids identified in stevia leaves are reported for the first time in nature. These phenolic compounds identified in stevia might affect the organoleptic properties and add additional beneficial health effects to stevia-based products."}
	}}
