{"resource": {
	"language":"eng",
	"title":{"value":"The food additives inulin and stevioside counteract oxidative stress."},
	"subject":[
		{"value":"Antioxidants"},
	{"value":"Arbutin"},
	{"value":"Diterpenes, Kaurane"},
	{"value":"Food Additives"},
	{"value":"Free Radical Scavengers"},
	{"value":"Glucosides"},
	{"value":"Inulin"},
	{"value":"Malates"},
	{"value":"Mannitol"},
	{"value":"Oligosaccharides"},
	{"value":"Oxidative Stress"},
	{"value":"Plant Extracts"},
	{"value":"Prebiotics"},
	{"value":"Reactive Oxygen Species"},
	{"value":"Stevia"},
	{"value":"Sweetening Agents"}
	],
	"pageStart":207,
	"volume":3,
	"pageEnd":14,
	"about":"https://www.ncbi.nlm.nih.gov/pubmed/PM21043580",
	"identifier":"PM21043580",
	"type":"Other",
	"isPartOf":
		{"Journal":
		{"title":{"value":"International journal of food sciences and nutrition"},
	"ISSN":{"value":"1465-3478"}
	}
	},
	"issued":"2011-03-25",
	"dateSubmitted":2016,
	"creator":[
		{
		"Person":
		{"name":"Stoyanova, Silviya, S"
	}
	},
	{
		"Person":
		{"name":"Geuns, Jan, J"
	}
	},
	{
		"Person":
		{"name":"Hideg, Eva, E"
	}
	},
	{
		"Person":
		{"name":"Van den Ende, Wim, W"
	}
	}
	],
	"abstract":{"value":"Prebiotics such as inulin (Inu)-type fructans and alternative natural sweeteners such as stevioside (Ste) become more popular as food ingredients. Evidence is accumulating that carbohydrates and carbohydrate-containing biomolecules can be considered true antioxidants, capable of scavenging reactive oxygen species (ROS). Here, we report on the ROS scavenging abilities of Inu and Ste in comparison with other sugars, sugar derivatives and arbutin. It is found that Inu and Ste are superior scavengers of both hydroxyl and superoxide radicals, more effective than mannitol and sucrose. Other compounds, such as 1-kestotriose, trehalose, raffinose and L-malic acid, also showed good reactivity to at least one of the two oxygen free radicals. The strong antioxidant properties of Inu and Ste are discussed. Within the plant vacuole, these compounds could play a crucial role in antioxidant defense mechanisms to help survive stresses. Addition to food assists in natural sweetening, food stabilization and maximizes health impact."}
	,"source":{"resource":"https://www.ncbi.nlm.nih.gov/pubmed/"}}}
