{"resource": {
	"language":"eng",
	"title":{"value":"Structures of the novel α-glucosyl linked diterpene glycosides from Stevia rebaudiana."},
	"subject":[
		{"value":"Diterpenes"},
	{"value":"Diterpenes, Kaurane"},
	{"value":"Glucosides"},
	{"value":"Glycosides"},
	{"value":"Magnetic Resonance Spectroscopy"},
	{"value":"Molecular Structure"},
	{"value":"Stevia"}
	],
	"pageStart":2034,
	"volume":13,
	"pageEnd":8,
	"about":"http://agris.fao.org/aos/records/PM21798525",
	"identifier":"PM21798525",
	"type":"Journal Article",
	"isPartOf":
		{"Journal":
		{"title":{"value":"Carbohydrate research"},
	"ISSN":{"value":"1873-426X"}
	}
	},
	"issued":"2011-08-30",
	"dateSubmitted":2016,
	"creator":[
		{
		"Person":
		{"name":"Chaturvedula, Venkata Sai Prakash, VS"
	}
	},
	{
		"Person":
		{"name":"Upreti, Mani, M"
	}
	},
	{
		"Person":
		{"name":"Prakash, Indra, I"
	}
	}
	],
	"abstract":{"value":"From the commercial extract of the leaves of Stevia rebaudiana, two new minor diterpene glycosides having α-glucosyl linkage were isolated besides the known steviol glycosides including stevioside, steviolbioside, rebaudiosides A-F, rubusoside and dulcoside A. The structures of the two compounds were identified as 13-[(2-O-(3-α-O-d-glucopyranosyl)-β-d-glucopyranosyl-3-O-β-d-glucopyranosyl-β-d-glucopyranosyl)oxy] ent-kaur-16-en-19-oic acid β-d-glucopyranosyl ester (1), and 13-[(2-O-β-d-glucopyranosyl-3-O-(4-O-α-d-glucopyranosyl)-β-d-glucopyranosyl-β-d-glucopyranosyl)oxy] ent-kaur-16-en-19-oic acid β-d-glucopyranosyl ester (2), on the basis of extensive NMR and MS spectral data as well as chemical studies."}
	}}
