{"resource": {
	"language":"eng",
	"title":{"value":"Structures of the novel diterpene glycosides from Stevia rebaudiana."},
	"subject":[
		{"value":"Diterpenes"},
	{"value":"Glycosides"},
	{"value":"Magnetic Resonance Spectroscopy"},
	{"value":"Stevia"}
	],
	"pageStart":1057,
	"volume":8,
	"pageEnd":60,
	"about":"http://agris.fao.org/aos/records/PM21489412",
	"identifier":"PM21489412",
	"type":"Journal Article",
	"isPartOf":
		{"Journal":
		{"title":{"value":"Carbohydrate research"},
	"ISSN":{"value":"1873-426X"}
	}
	},
	"issued":"2011-05-09",
	"dateSubmitted":2016,
	"creator":[
		{
		"Person":
		{"name":"Chaturvedula, Venkata Sai Prakash, VS"
	}
	},
	{
		"Person":
		{"name":"Prakash, Indra, I"
	}
	}
	],
	"abstract":{"value":"From the commercial extract of the leaves of Stevia rebaudiana, two new diterpenoid glycosides were isolated besides the known steviol glycosides including stevioside, rebaudiosides A-F, rubusoside, and dulcoside A. The structures of the two new compounds were identified as 13-[(2-O-6-deoxy-β-d-glucopyranosyl-β-d-glucopyranosyl)oxy] ent-kaur-16-en-19-oic acid β-d-glucopyranosyl ester (1), and 13-[(2-O-6-deoxy-β-d-glucopyranosyl-3-O-β-d-glucopyranosyl-β-d-glucopyranosyl)oxy] ent-kaur-16-en-19-oic acid β-d-glucopyranosyl ester (2), on the basis of extensive NMR and MS spectral data as well as chemical studies."}
	}}
