{"resource": {
	"language":"eng",
	"title":{"value":"Steviamine, a new class of indolizidine alkaloid [(1R,2S,3R,5R,8aR)-3-hydroxy-meth-yl-5-methyl-octa-hydro-indolizine-1,2-diol hydro-bromide]."},
	"pageStart":"o2904",
	"volume":"Pt 11",
	"pageEnd":5,
	"about":"http://agris.fao.org/aos/records/PM21578486",
	"identifier":"PM21578486",
	"type":"Journal Article",
	"isPartOf":
		{"Journal":
		{"title":{"value":"Acta crystallographica. Section E, Structure reports online"},
	"ISSN":{"value":"1600-5368"}
	}
	},
	"issued":"2011-05-17",
	"uri":"https://www.ncbi.nlm.nih.gov/pmc/articles/PMC2971327",
	"dateSubmitted":2016,
	"creator":[
		{
		"Person":
		{"name":"Thompson, Amber L, AL"
	}
	},
	{
		"Person":
		{"name":"Michalik, Agnieszka, A"
	}
	},
	{
		"Person":
		{"name":"Nash, Robert J, RJ"
	}
	},
	{
		"Person":
		{"name":"Wilson, Francis X, FX"
	}
	},
	{
		"Person":
		{"name":"van Well, Renate, R"
	}
	},
	{
		"Person":
		{"name":"Johnson, Peter, P"
	}
	},
	{
		"Person":
		{"name":"Fleet, George W J, GW"
	}
	},
	{
		"Person":
		{"name":"Yu, Chu-Yi, CY"
	}
	},
	{
		"Person":
		{"name":"Hu, Xiang-Guo, XG"
	}
	},
	{
		"Person":
		{"name":"Cooper, Richard I, RI"
	}
	},
	{
		"Person":
		{"name":"Watkin, David J, DJ"
	}
	}
	],
	"abstract":{"value":"X-ray crystallographic analysis of the title hydro-bromide salt, C(10)H(20)N(+)·Br(-), of (1R,2S,3R,5R,8aR)-3-hydroxy-meth-yl-5-methyl-octa-hydro-indolizine-1,2-diol defines the absolute and relative stereochemistry at the five chiral centres in steviamine, a new class of polyhydroxy-lated indolizidine alkaloid isolated from Stevia rebaudiana (Asteraceae) leaves. In the crystal structure, mol-ecules are linked by inter-molecular O-H⋯Br and N-H⋯Br hydrogen bonds, forming double chains around the twofold screw axes along the b-axis direction. Intra-molecular O-H⋯O inter-actions occur."}
	}}
