{"resource": {
	"language":"eng",
	"title":{"value":"Tandem mass spectrometric fragmentation patterns of known and new steviol glycosides with structure proposals."},
	"subject":[
		{"value":"Diterpenes, Kaurane"},
	{"value":"Glycosides"},
	{"value":"Plant Extracts"},
	{"value":"Stevia"},
	{"value":"Tandem Mass Spectrometry"}
	],
	"pageStart":1575,
	"volume":11,
	"doi":"10.1002/rcm.5024",
	"pageEnd":82,
	"about":"http://agris.fao.org/aos/records/PM21594932",
	"identifier":"PM21594932",
	"type":"Journal Article",
	"isPartOf":
		{"Journal":
		{"title":{"value":"Rapid communications in mass spectrometry : RCM"},
	"ISSN":{"value":"1097-0231"}
	}
	},
	"issued":"2011-05-19",
	"dateSubmitted":"forIndex",
	"creator":
		{"Person":
		{"name":"Zimmermann, Benno F, BF"
	}
	},
	"abstract":{"value":"Stevia rebaudiana contains several steviol glycosides that have a sweet flavor. They are up to 450 times sweeter than sucrose, but some have an undesirable aftertaste. Up to 2010, ten different steviol glycosides have been described from the leaves or purified extracts of S. rebaudiana. In this paper, the tandem mass spectrometric fragmentation patterns of these ten compounds are compiled, along with a scheme for structural elucidation. This scheme is then applied to 12 steviol glycosides that have not yet been described. The proposed structures of five steviol glycosides have been confirmed by other authors."}
	}}
