{"resource": {
	"language":"eng",
	"title":{"value":"Additional minor diterpene glycosides from Stevia rebaudiana."},
	"subject":[
		{"value":"Diterpenes"},
	{"value":"Glycosides"},
	{"value":"Molecular Structure"},
	{"value":"Plant Extracts"},
	{"value":"Plant Leaves"},
	{"value":"Stevia"}
	],
	"pageStart":1059,
	"volume":8,
	"pageEnd":62,
	"about":"https://www.ncbi.nlm.nih.gov/pubmed/PM21922898",
	"identifier":"PM21922898",
	"type":"Journal Article",
	"isPartOf":
		{"Journal":
		{"title":{"value":"Natural product communications"},
	"ISSN":{"value":"1934-578X"}
	}
	},
	"issued":"2011-09-19",
	"dateSubmitted":2016,
	"creator":[
		{
		"Person":
		{"name":"Chaturvedula, Venkata Sai Prakash, VS"
	}
	},
	{
		"Person":
		{"name":"Prakash, Indra, I"
	}
	}
	],
	"abstract":{"value":"From the commercial extract of the leaves of Stevia rebaudiana, two additional new diterpenoid glycosides were isolated and their structures were characterized as 13-[(2-O-beta-glucopyranosyl-3-O-beta-D-xylopyranosyl-beta-D-glucopyranosyl)oxy] ent-kaur-16-en-19-oic acid beta-D-glucopyranosyl ester (1) and 13-[(2-O-beta-D-xylopyranosyl-beta-D-glucopyranosyl)oxy] ent-kaur-16-en-19-oic acid beta-D-glucopyranosyl ester (2) on the basis of extensive spectral data (NMR and MS) and chemical studies."}
	,"source":{"resource":"https://www.ncbi.nlm.nih.gov/pubmed/"}}}
