{"resource": {
	"language":"eng",
	"title":{"value":"Stevioside enhances apoptosis induced by serum deprivation in PC12 cells."},
	"subject":[
		{"value":"Animals"},
	{"value":"Apoptosis"},
	{"value":"Cytochromes c"},
	{"value":"DNA Fragmentation"},
	{"value":"Diterpenes, Kaurane"},
	{"value":"Gene Expression Regulation"},
	{"value":"Glucosides"},
	{"value":"In Situ Nick-End Labeling"},
	{"value":"PC12 Cells"},
	{"value":"Rats"},
	{"value":"bcl-2-Associated X Protein"}
	],
	"pageStart":243,
	"volume":4,
	"pageEnd":9,
	"about":"http://agris.fao.org/aos/records/PM22316388",
	"identifier":"PM22316388",
	"type":"Journal Article",
	"isPartOf":
		{"Journal":
		{"title":{"value":"Toxicology mechanisms and methods"},
	"ISSN":{"value":"1537-6524"}
	}
	},
	"issued":"2012-04-16",
	"dateSubmitted":2016,
	"creator":[
		{
		"Person":
		{"name":"Takahashi, Kumiko, K"
	}
	},
	{
		"Person":
		{"name":"Sun, Yongkun, Y"
	}
	},
	{
		"Person":
		{"name":"Yanagiuchi, Ikumi, I"
	}
	},
	{
		"Person":
		{"name":"Hosokawa, Toshiyuki, T"
	}
	},
	{
		"Person":
		{"name":"Saito, Takeshi, T"
	}
	},
	{
		"Person":
		{"name":"Komori, Miyako, M"
	}
	},
	{
		"Person":
		{"name":"Okino, Tatsufumi, T"
	}
	},
	{
		"Person":
		{"name":"Kurasaki, Masaaki, M"
	}
	}
	],
	"abstract":{"value":"In the laboratory, using a PC12 cell system, studies have been conducted on the effects of various chemicals on apoptosis, as it is considered to be an essential part of normal development, maintenance, and defense in organisms. Stevioside is a natural sweetener extracted from the leaves of Stevia rebaudiana. Since it is widely used as a sugar replacement, it was decided to evaluate the toxicological effects of low concentrations of stevioside on apoptosis induced by serum deprivation using the PC12 cell system. It was found that based on data from DNA electrophoresis and TUNEL signal assays stevioside enhanced apoptosis induced by serum deprivation. This enhancement was caused by increased expression of Bax and of cytochrome c released into the cytosol. These findings suggest that stevioside affects the regulation of the normal apoptotic condition. Further investigation will be needed to clarify the detailed mechanism of the enhancement due to the treatment with stevioside."}
	}}
