{"resource": {
	"language":"eng",
	"title":{"value":"\"Extraction and safety of stevioside\"; response to the article \"Stevia rebaudiana Bertoni, source of a high potency natural sweetener: a comprehensive review on the biochemical, nutritional and functional aspects\"."},
	"subject":[
		{"value":"Diterpenes, Kaurane"},
	{"value":"Food Safety"},
	{"value":"Glucosides"},
	{"value":"Nutritive Value"},
	{"value":"Plant Extracts"},
	{"value":"Stevia"},
	{"value":"Sweetening Agents"}
	],
	"pageStart":1861,
	"volume":3,
	"doi":"10.1016/j.foodchem.2012.06.080",
	"pageEnd":"2; author reply 1784",
	"about":"http://agris.fao.org/aos/records/PM22953934",
	"identifier":"PM22953934",
	"type":"Other",
	"isPartOf":
		{"Journal":
		{"title":{"value":"Food chemistry"},
	"ISSN":{"value":"0308-8146"}
	}
	},
	"issued":"2012-09-07",
	"dateSubmitted":"forIndex",
	"creator":
		{"Person":
		{"name":"Puri, Munish, M"
	}
	}
	}}
