{"resource": {
	"language":"eng",
	"title":{"value":"Steviol glycosides from Stevia: biosynthesis pathway review and their application in foods and medicine."},
	"subject":[
		{"value":"Cloning, Molecular"},
	{"value":"Diterpenes, Kaurane"},
	{"value":"Glucosides"},
	{"value":"Glycosides"},
	{"value":"Plant Leaves"},
	{"value":"Signal Transduction"},
	{"value":"Stevia"}
	],
	"pageStart":988,
	"volume":11,
	"pageEnd":98,
	"about":"http://agris.fao.org/aos/records/PM22823347",
	"identifier":"PM22823347",
	"type":"Journal Article",
	"isPartOf":
		{"Journal":
		{"title":{"value":"Critical reviews in food science and nutrition"},
	"ISSN":{"value":"1549-7852"}
	}
	},
	"issued":"2012-07-24",
	"dateSubmitted":2016,
	"creator":[
		{
		"Person":
		{"name":"Yadav, Sudesh Kumar, SK"
	}
	},
	{
		"Person":
		{"name":"Guleria, Praveen, P"
	}
	}
	],
	"abstract":{"value":"Stevia rebaudiana, a perennial herb from the Asteraceae family, is known to the scientific world for its sweetness and steviol glycosides (SGs). SGs are the secondary metabolites responsible for the sweetness of Stevia. They are synthesized by SG biosynthesis pathway operating in the leaves. Most of the genes encoding the enzymes of this pathway have been cloned and characterized from Stevia. Out of various SGs, stevioside and rebaudioside A are the major metabolites. SGs including stevioside have also been synthesized by enzymes and microbial agents. These are non-mutagenic, non-toxic, antimicrobial, and do not show any remarkable side-effects upon consumption. Stevioside has many medical applications and its role against diabetes is most important. SGs have made Stevia an important part of the medicinal world as well as the food and beverage industry. This article presents an overview on Stevia and the importance of SGs."}
	}}
