{"resource": {
	"language":"eng",
	"title":{"value":"Stimulation of steviol glycoside accumulation in Stevia rebaudiana by red LED light."},
	"subject":[
		{"value":"Diterpenes, Kaurane"},
	{"value":"Glycosides"},
	{"value":"Light"},
	{"value":"Plant Leaves"},
	{"value":"Stevia"},
	{"value":"Time Factors"}
	],
	"pageStart":749,
	"volume":7,
	"doi":"10.1016/j.jplph.2012.01.006",
	"pageEnd":52,
	"about":"http://agris.fao.org/aos/records/PM22341569",
	"identifier":"PM22341569",
	"type":"Journal Article",
	"isPartOf":
		{"Journal":
		{"title":{"value":"Journal of plant physiology"},
	"ISSN":{"value":"1618-1328"}
	}
	},
	"issued":"2012-03-27",
	"dateSubmitted":"forIndex",
	"creator":[
		{
		"Person":
		{"name":"Ceunen, Stijn, S"
	}
	},
	{
		"Person":
		{"name":"Werbrouck, Stefaan, S"
	}
	},
	{
		"Person":
		{"name":"Geuns, Jan M C, JM"
	}
	}
	],
	"abstract":{"value":"The aim of this study was to determine whether steviol glycoside accumulation is under phytochrome control. The results indicate that Stevia rebaudiana Bertoni plants grown under short-day conditions showed precocious flowering and stagnation of steviol glycoside accumulation. Long night interruption by red LED light stimulated and sustained the vegetative growth as well as the accumulation of steviol glycosides in the leaves. After 7 weeks of treatment, steviol glycoside content was about two-fold higher in LED-treated plants than in the short-day control group. The effects of red LED light were measured both in a greenhouse and in a phytotron, irrespective of cultivar-specific differences. Therefore, it can be concluded that a mid-night interruption by red LED light during short photoperiods provides an easy and inexpensive method to increase vegetative leaf biomass production with an increased steviol glycoside yield."}
	}}
