{"resource": {
	"language":"eng",
	"title":{"value":"Synthesis and antituberculosis activity of novel unfolded and macrocyclic derivatives of ent-kaurane steviol."},
	"subject":[
		{"value":"Antitubercular Agents"},
	{"value":"Crystallography, X-Ray"},
	{"value":"Diterpenes, Kaurane"},
	{"value":"Macrocyclic Compounds"},
	{"value":"Microbial Sensitivity Tests"},
	{"value":"Molecular Conformation"},
	{"value":"Mycobacterium tuberculosis"},
	{"value":"Stevia"}
	],
	"pageStart":6909,
	"volume":22,
	"doi":"10.1016/j.bmcl.2012.09.023",
	"pageEnd":13,
	"about":"http://agris.fao.org/aos/records/PM23046964",
	"identifier":"PM23046964",
	"type":"Journal Article",
	"isPartOf":
		{"Journal":
		{"title":{"value":"Bioorganic & medicinal chemistry letters"},
	"ISSN":{"value":"1464-3405"}
	}
	},
	"issued":"2012-10-22",
	"dateSubmitted":"forIndex",
	"creator":[
		{
		"Person":
		{"name":"Khaybullin, Ravil N, RN"
	}
	},
	{
		"Person":
		{"name":"Strobykina, Irina Yu, IY"
	}
	},
	{
		"Person":
		{"name":"Dobrynin, Alexey B, AB"
	}
	},
	{
		"Person":
		{"name":"Gubaydullin, Aidar T, AT"
	}
	},
	{
		"Person":
		{"name":"Chestnova, Regina V, RV"
	}
	},
	{
		"Person":
		{"name":"Babaev, Vasiliy M, VM"
	}
	},
	{
		"Person":
		{"name":"Kataev, Vladimir E, VE"
	}
	}
	],
	"abstract":{"value":"New derivatives of steviol 1, the aglycone of the glycosides of Stevia rebaudiana, including a novel class of semisynthetic diterpenoids, namely macrocyclic ent-kauranes were synthesized. These compounds possess antituberculosis activity inhibiting the in vitro growth of Mycobacterium Tuberculosis (H37R(V) strain) with MIC 5-20 μg/ml that is close to MIC 1 μg/ml demonstrated by antituberculosis drug isoniazid in control experiment. For the first time it was found that the change of ent-kaurane geometry (as in steviol 1) of tetracyclic diterpenoid skeleton to ent-beyerane one (as in isosteviol 2) influences on antituberculosis activity."}
	}}
