{"resource": {
	"language":"eng",
	"title":{"value":"Stevioside methanol tetra-solvate."},
	"pageStart":"o410",
	"volume":"Pt 3",
	"pageEnd":1,
	"about":"https://www.ncbi.nlm.nih.gov/pubmed/PM23476589",
	"identifier":"PM23476589",
	"type":"Journal Article",
	"isPartOf":
		{"Journal":
		{"title":{"value":"Acta crystallographica. Section E, Structure reports online"},
	"ISSN":{"value":"1600-5368"}
	}
	},
	"issued":"2013-03-11",
	"uri":"https://www.ncbi.nlm.nih.gov/pmc/articles/PMC3588499",
	"dateSubmitted":2016,
	"creator":[
		{
		"Person":
		{"name":"Wu, Yunshan, Y"
	}
	},
	{
		"Person":
		{"name":"Rodenburg, Douglas L, DL"
	}
	},
	{
		"Person":
		{"name":"Ibrahim, Mohamed A, MA"
	}
	},
	{
		"Person":
		{"name":"McChesney, James D, JD"
	}
	},
	{
		"Person":
		{"name":"Avery, Mitchell A, MA"
	}
	}
	],
	"abstract":{"value":"Stevioside is a naturally occurring diterpenoid glycoside in Stevia rebaudiana Bertoni. The title compound, C38H60O18·4CH3OH, crystallized as its methanol tetrasolvate. Stevioside consists of an aglycone steviol (a tetra-cyclic diterpene in which the four-fused-ring system consists of three six-membered rings and one five-membered ring) and a sugar part (three glucose units). A weak intra-molecular O-H⋯O hydrogen bond occurs. In the crystal, the methanol mol-ecules participate in a two-dimensional hydrogen-bonded network parallel to b axis with the sugars and together they form a hydrophilic tunnel which encloses the lipophilic part of the molecule."}
	,"source":{"resource":"https://www.ncbi.nlm.nih.gov/pubmed/"}}}
