{"resource": {
	"language":"eng",
	"title":{"value":"Structure and antiviral activity of arabinogalactan with (1→6)-β-D-galactan core from Stevia rebaudiana leaves."},
	"subject":[
		{"value":"Animals"},
	{"value":"Antiviral Agents"},
	{"value":"Carbohydrate Conformation"},
	{"value":"Carbohydrate Sequence"},
	{"value":"Cercopithecus aethiops"},
	{"value":"Galactans"},
	{"value":"Herpesvirus 1, Human"},
	{"value":"Hydrophobic and Hydrophilic Interactions"},
	{"value":"Magnetic Resonance Spectroscopy"},
	{"value":"Molecular Sequence Data"},
	{"value":"Plant Extracts"},
	{"value":"Plant Leaves"},
	{"value":"Stevia"},
	{"value":"Vero Cells"}
	],
	"pageStart":179,
	"volume":1,
	"doi":"10.1016/j.carbpol.2012.12.068",
	"pageEnd":84,
	"about":"http://agris.fao.org/aos/records/PM23544526",
	"identifier":"PM23544526",
	"type":"Journal Article",
	"isPartOf":
		{"Journal":
		{"title":{"value":"Carbohydrate polymers"},
	"ISSN":{"value":"1879-1344"}
	}
	},
	"issued":"2013-04-02",
	"dateSubmitted":"forIndex",
	"creator":[
		{
		"Person":
		{"name":"de Oliveira, Arildo José Braz, AJ"
	}
	},
	{
		"Person":
		{"name":"Cordeiro, Lucimara M C, LM"
	}
	},
	{
		"Person":
		{"name":"Gonçalves, Regina Aparecida Correia, RA"
	}
	},
	{
		"Person":
		{"name":"Ceole, Ligia Fernanda, LF"
	}
	},
	{
		"Person":
		{"name":"Ueda-Nakamura, Tania, T"
	}
	},
	{
		"Person":
		{"name":"Iacomini, Marcello, M"
	}
	}
	],
	"abstract":{"value":"Cell wall polysaccharides from leaves of Stevia rebaudiana were extracted successively with water and with aq. 10% KOH. After the purification steps, homogeneous fractions (SFW-10RM and SSFK-10RM) were analyzed by sugar composition, HPSEC, methylation and (13)C NMR spectroscopy analysis. The results showed that SFW-10RM is a pectic arabinogalactan with an unusual β-(1→6)-linked D-Galp residues forming the main chain. Approximately 38% of the β-D-Galp units of the backbone carry branches on position O-3, consisting of single D-Galp units or arabinan side chains. Arabinose residues were found to occupy mostly the terminal positions in both furanose and pyranose forms and as 2-, 5- and 3,5-linked residues in these side chains. Fraction SSFK-10RM is a similar arabinogalactan, differing mainly in the relative proportions of arabinans attached to the galactan core and in the content of D-GalpA residues present in the pectic domain. The crude aqueous and alkaline extracts and homogeneous SSFK-10RM showed antiviral activity against Herpes Simplex Virus type-1 (HSV-1) in vitro."}
	}}
