{"resource": {
	"language":"eng",
	"title":{"value":"Purple phototrophic bacterium enhances stevioside yield by Stevia rebaudiana Bertoni via foliar spray and rhizosphere irrigation."},
	"subject":[
		{"value":"Chlorophyll"},
	{"value":"Diterpenes, Kaurane"},
	{"value":"Glucosides"},
	{"value":"Oxidoreductases"},
	{"value":"Plant Leaves"},
	{"value":"Rhizosphere"},
	{"value":"Rhodopseudomonas"},
	{"value":"Soil"},
	{"value":"Solubility"},
	{"value":"Stevia"}
	],
	"pageStart":"e67644",
	"volume":6,
	"about":"http://agris.fao.org/aos/records/PM23825677",
	"identifier":"PM23825677",
	"type":"Journal Article",
	"isPartOf":
		{"Journal":
		{"title":{"value":"PloS one"},
	"ISSN":{"value":"1932-6203"}
	}
	},
	"issued":"2013-07-04",
	"uri":"https://www.ncbi.nlm.nih.gov/pmc/articles/PMC3692463",
	"dateSubmitted":2016,
	"creator":[
		{
		"Person":
		{"name":"Wu, Jing, J"
	}
	},
	{
		"Person":
		{"name":"Wang, Yiming, Y"
	}
	},
	{
		"Person":
		{"name":"Lin, Xiangui, X"
	}
	}
	],
	"abstract":{"value":"This study was conducted to compare the effects of foliar spray and rhizosphere irrigation with purple phototrophic bacteria (PPB) on growth and stevioside (ST) yield of Stevia. rebaudiana. The S. rebaudiana plants were treated by foliar spray, rhizosphere irrigation, and spray plus irrigation with PPB for 10 days, respectively. All treatments enhanced growth of S. rebaudiana, and the foliar method was more efficient than irrigation. Spraying combined with irrigation increased the ST yield plant (-1) by 69.2% as compared to the control. The soil dehydrogenase activity, S. rebaudiana shoot biomass, chlorophyll content in new leaves, and soluble sugar in old leaves were affected significantly by S+I treatment, too. The PPB probably works in the rhizosphere by activating the metabolic activity of soil bacteria, and on leaves by excreting phytohormones or enhancing the activity of phyllosphere microorganisms."}
	}}
