{"resource": {
	"language":"eng",
	"title":{"value":"Anti-inflammatory and immunomodulatory activities of stevioside and steviol on colonic epithelial cells."},
	"subject":[
		{"value":"Anti-Inflammatory Agents"},
	{"value":"Caco-2 Cells"},
	{"value":"Colon"},
	{"value":"Cytokines"},
	{"value":"Diterpenes, Kaurane"},
	{"value":"Epithelial Cells"},
	{"value":"Gene Expression"},
	{"value":"Glucosides"},
	{"value":"Humans"},
	{"value":"I-kappa B Proteins"},
	{"value":"Immunologic Factors"},
	{"value":"Inflammation"},
	{"value":"Inflammation Mediators"},
	{"value":"Intestinal Mucosa"},
	{"value":"Lipopolysaccharides"},
	{"value":"NF-kappa B"},
	{"value":"Phytotherapy"},
	{"value":"Plant Extracts"},
	{"value":"Signal Transduction"},
	{"value":"Stevia"}
	],
	"pageStart":3820,
	"volume":15,
	"doi":"10.1002/jsfa.6287",
	"pageEnd":5,
	"about":"http://agris.fao.org/aos/records/PM23794454",
	"identifier":"PM23794454",
	"type":"Journal Article",
	"isPartOf":
		{"Journal":
		{"title":{"value":"Journal of the science of food and agriculture"},
	"ISSN":{"value":"1097-0010"}
	}
	},
	"issued":"2014-03-04",
	"dateSubmitted":"forIndex",
	"creator":[
		{
		"Person":
		{"name":"Boonkaewwan, Chaiwat, C"
	}
	},
	{
		"Person":
		{"name":"Burodom, Anyanee, A"
	}
	}
	],
	"abstract":[
		{"value":"Stevioside is a natural non-caloric sweetener isolated from Stevia rebaudiana Bertoni leaves. We have proposed its effect on attenuation of tumour necrosis factor α (TNF-α) and interleukin 1β (IL-1β) release in lipopolysaccharide (LPS)-stimulated monocytes. In this study, the anti-inflammatory and immunomodulatory activities of stevioside and its metabolite, steviol, on human colon carcinoma cell line (Caco-2) were evaluated."},
	{"value":"Stevioside and steviol, in the doses used in this study, had no cytotoxicity on Caco-2 cells. Anti-inflammatory activities of these two compounds were observed by potentially suppressed LPS-mediated TNF-α, IL-1β and IL-6 release. In addition, stevioside and steviol showed immunomodulatory effects on IκBα activation and nuclear factor kappa B (NF-κB) suppression in western blotting."},
	{"value":"Stevioside and steviol attenuate LPS-induced pro-inflammatory cytokine productions by affecting cytokine gene expression via IκBα/NF-κB signalling pathway."}
	]
	}}
