{"resource": {
	"language":"eng",
	"title":{"value":"Stevioside induced ROS-mediated apoptosis through mitochondrial pathway in human breast cancer cell line MCF-7."},
	"subject":[
		{"value":"Antineoplastic Agents, Phytogenic"},
	{"value":"Apoptosis"},
	{"value":"Blotting, Western"},
	{"value":"Breast Neoplasms"},
	{"value":"Caspase 9"},
	{"value":"Cell Cycle"},
	{"value":"Cell Proliferation"},
	{"value":"Cell Survival"},
	{"value":"Diterpenes, Kaurane"},
	{"value":"Dose-Response Relationship, Drug"},
	{"value":"Female"},
	{"value":"Glucosides"},
	{"value":"Humans"},
	{"value":"MCF-7 Cells"},
	{"value":"Membrane Potentials"},
	{"value":"Mitochondria"},
	{"value":"NF-E2-Related Factor 1"},
	{"value":"Reactive Oxygen Species"},
	{"value":"Signal Transduction"},
	{"value":"bcl-2-Associated X Protein"}
	],
	"pageStart":1087,
	"volume":7,
	"pageEnd":94,
	"about":"http://agris.fao.org/aos/records/PM23061910",
	"identifier":"PM23061910",
	"type":"Journal Article",
	"isPartOf":
		{"Journal":
		{"title":{"value":"Nutrition and cancer"},
	"ISSN":{"value":"1532-7914"}
	}
	},
	"issued":"2012-10-15",
	"dateSubmitted":2016,
	"creator":[
		{
		"Person":
		{"name":"Paul, S, S"
	}
	},
	{
		"Person":
		{"name":"Sengupta, S, S"
	}
	},
	{
		"Person":
		{"name":"Bandyopadhyay, T K, TK"
	}
	},
	{
		"Person":
		{"name":"Bhattacharyya, A, A"
	}
	}
	],
	"abstract":{"value":"Stevioside is a diterpene glycoside found in the leaf of Stevia rebaudiana, a traditional oriental medicinal herb, which has been shown to have various biological and ethno-medicinal activities including antitumor activity. In this study, we investigated the effects of stevioside on the cytotoxicity, induction of apoptosis, and the putative pathways of its action in human breast cancer cells (MCF-7). For the analysis of apoptotic pathway, measurement of reactive oxygen species (ROS) and assessment of mitochondrial transmembrane potential (MTP) were achieved. We showed that stevioside was a potent inducer of apoptosis and it conveyed the apoptotic signal via intracellular ROS generation; thereby inducing change in MTP and induction of mitochondrial mediated apoptotic pathway. Taken together, our data indicated that stevioside induces the ROS-mediated mitochondrial permeability transition and results in the increased expression of apoptotic proteins such as Bax, Bcl-2 and Caspase-9. Effect of stevioside on stress-related transcription factors like NF-E2-related factor-2 opens up a new vista for further studies. This is the first report on the mechanism of the antibreast cancer (in vitro) activity of stevioside."}
	}}
