{"resource": {
	"language":"eng",
	"title":{"value":"Hydrogenation of the exocyclic olefinic bond at C-16/C-17 position of ent-kaurane diterpene glycosides of Stevia rebaudiana using various catalysts."},
	"subject":[
		{"value":"Catalysis"},
	{"value":"Diterpenes, Kaurane"},
	{"value":"Glycosides"},
	{"value":"Hydrogenation"},
	{"value":"Magnetic Resonance Spectroscopy"},
	{"value":"Metals"},
	{"value":"Solvents"},
	{"value":"Stevia"}
	],
	"pageStart":15669,
	"volume":8,
	"doi":"10.3390/ijms140815669",
	"pageEnd":80,
	"about":"http://agris.fao.org/aos/records/PM23896597",
	"identifier":"PM23896597",
	"type":"Journal Article",
	"isPartOf":
		{"Journal":
		{"title":{"value":"International journal of molecular sciences"},
	"ISSN":{"value":"1422-0067"}
	}
	},
	"issued":"2013-07-30",
	"dateSubmitted":"forIndex",
	"uri":"https://www.ncbi.nlm.nih.gov/pmc/articles/PMC3759879",
	"creator":[
		{
		"Person":
		{"name":"Chaturvedula, Venkata Sai Prakash, VS"
	}
	},
	{
		"Person":
		{"name":"Prakash, Indra, I"
	}
	}
	],
	"abstract":{"value":"Catalytic hydrogenation of the exocyclic double bond present between C16 and C17 carbons of the four ent-kaurane diterpene glycosides namely rebaudioside A, rebaudioside B, rebaudioside C, and rebaudioside D isolated from Stevia rebaudiana has been carried out using Pt/C, Pd(OH)2, Rh/C, Raney Ni, PtO2, and 5% Pd/BaCO3 to their corresponding dihydro derivatives with 17α and 17β methyl group isomers. Reactions were performed using the above-mentioned catalysts with the solvents methanol, water, and ethanol/water (8:2) under various conditions. Synthesis of reduced steviol glycosides was performed using straightforward chemistry and their structures were characterized on the basis of 1D and 2D NMR spectral data, including a comparison with reported spectral data."}
	}}
