{"resource": {
	"language":"eng",
	"title":{"value":"2C-Methyl- D- erythritol 2,4-cyclodiphosphate synthase from Stevia rebaudiana Bertoni is a functional gene."},
	"subject":[
		{"value":"Abscisic Acid"},
	{"value":"Erythritol"},
	{"value":"Gene Expression Regulation, Plant"},
	{"value":"Genes, Plant"},
	{"value":"Genetic Complementation Test"},
	{"value":"Indoleacetic Acids"},
	{"value":"Light"},
	{"value":"Mutation"},
	{"value":"Phosphorus-Oxygen Lyases"},
	{"value":"Phylogeny"},
	{"value":"Plant Growth Regulators"},
	{"value":"Plant Proteins"},
	{"value":"Protein Structure, Secondary"},
	{"value":"Stevia"}
	],
	"pageStart":10971,
	"volume":12,
	"pageEnd":8,
	"about":"http://agris.fao.org/aos/records/PM23065206",
	"identifier":"PM23065206",
	"type":"Journal Article",
	"isPartOf":
		{"Journal":
		{"title":{"value":"Molecular biology reports"},
	"ISSN":{"value":"1573-4978"}
	}
	},
	"issued":"2012-11-02",
	"dateSubmitted":2016,
	"creator":[
		{
		"Person":
		{"name":"Kumar, Hitesh, H"
	}
	},
	{
		"Person":
		{"name":"Singh, Kashmir, K"
	}
	},
	{
		"Person":
		{"name":"Kumar, Sanjay, S"
	}
	}
	],
	"abstract":{"value":"Stevia [Stevia rebaudiana (Bertoni)] is a perennial herb which accumulates sweet diterpenoid steviol glycosides (SGs) in its leaf tissue. SGs are synthesized by 2C-methyl-D-erythritol 4-phosphate (MEP) pathway. Of the various enzymes of the MEP pathway, 2C-methyl-D-erythritol 2,4-cyclodiphosphate synthase (MDS) (encoded by MDS) catalyzes the cyclization of 4-(cytidine 5' diphospho)-2C-methyl-D-erythritol 2-phosphate into 2C-methyl-D-erythritol 2,4-cyclodiphosphate. Complementation of the MDS knockout mutant strain of Escherichia coli, EB370 with putative MDS of stevia (SrMDS) rescued the lethal mutant, suggesting SrMDS to be a functional gene. Experiments conducted in plant growth chamber and in the field suggested SrMDS to be a light regulated gene. Indole 3-acetic acid (IAA; 50, 100 μM) down-regulated the expression of SrMDS at 4 h of the treatment, whereas, abscisic acid did not modulate its expression. A high expression of SrMDS was observed during the light hours of the day as compared to the dark hours. The present work established functionality of SrMDS and showed the role of light and IAA in regulating expression of SrMDS."}
	}}
