{"resource": {
	"language":"eng",
	"title":{"value":"Diterpene glycosides from Stevia phlebophylla A. Gray."},
	"subject":[
		{"value":"Carbohydrate Conformation"},
	{"value":"Diterpenes"},
	{"value":"Glycosides"},
	{"value":"Magnetic Resonance Spectroscopy"},
	{"value":"Plant Leaves"},
	{"value":"Reference Standards"},
	{"value":"Stevia"}
	],
	"pageStart":1,
	"pageEnd":6,
	"about":"http://agris.fao.org/aos/records/PM23831634",
	"identifier":"PM23831634",
	"type":"Journal Article",
	"isPartOf":
		{"Journal":
		{"title":{"value":"Carbohydrate research"},
	"ISSN":{"value":"1873-426X"}
	}
	},
	"issued":"2013-08-26",
	"dateSubmitted":2016,
	"creator":[
		{
		"Person":
		{"name":"Ceunen, Stijn, S"
	}
	},
	{
		"Person":
		{"name":"Wim, De Borggraeve, de B"
	}
	},
	{
		"Person":
		{"name":"Compernolle, Frans, F"
	}
	},
	{
		"Person":
		{"name":"Mai, Anh Hung, AH"
	}
	},
	{
		"Person":
		{"name":"Geuns, Jan M C, JM"
	}
	}
	],
	"abstract":{"value":"The rare Mexican species Stevia phlebophylla A. Gray was long considered to be the only known Stevia species, beside the well-known S. rebaudiana, containing the highly sweet diterpenoid steviol glycosides. We report a re-evaluation of this claim after phytochemically screening leaves obtained from two herbarium specimens of S. phlebophylla for the presence of steviol glycosides. Despite extensive MS analyses, no steviol glycosides could be unambiguously verified. Instead, the main chromatographic peak eluting at retention times similar to those of steviol glycosides was identified as a new compound, namely 16β-hydroxy-17-acetoxy-ent-kauran-19-oic acid-(6-O-β-D-xylopyranosyl-β-D-glucopyranosyl) ester (1) on the basis of extensive NMR and MS data as well as the characterization of its acid hydrolysate. Seven more compounds were detected by ESIMS which are possibly structurally related to 1. It can therefore be concluded that S. phlebophylla is unlikely to contain significant amounts of steviol glycosides, if any."}
	}}
