{"resource": {
	"language":"eng",
	"title":{"value":"Effects of Steviol on renal function and mean arterial pressure in rats."},
	"pageStart":349,
	"volume":4,
	"pageEnd":52,
	"about":"https://www.ncbi.nlm.nih.gov/pubmed/PM23195193",
	"identifier":"PM23195193",
	"type":"Journal Article",
	"isPartOf":
		{"Journal":
		{"title":{"value":"Phytomedicine : international journal of phytotherapy and phytopharmacology"},
	"ISSN":{"value":"0944-7113"}
	}
	},
	"issued":"2012-11-30",
	"dateSubmitted":2016,
	"creator":
		{"Person":
		{"name":"Melis, M S, MS"
	}
	},
	"abstract":{"value":"The effects of steviol, obtained from Stevia rebaudiana, on renal function were investigated using clearance techniques in Wistar rats. Steviol (0.5, 1.0 and 3.0 mg/kg(-1)/h(-1)iv) elicited no significant changes in mean arterial pressure (MAP), glomerular filtration rate (GFR) and renal effective plasma flow (ERPF). The steviol infusion (1.0 and 3.0 mg/kg(-1)/h(-1)), however, induced a significant increase in the fractional sodium excretion (FeNa(+)), fractional potassium excretion (FeK(+)), and urinary flow as percent of glomerular filtration rate (V/GFR) when compared to controls. The data suggest that the steviol may affect salt and water transport in renal tubules."}
	,"source":{"resource":"https://www.ncbi.nlm.nih.gov/pubmed/"}}}
