{"resource": {
	"language":"eng",
	"title":{"value":"HPTLC method for simultaneous analysis of stevioside and rebaudioside-A in Stevia rebaudiana."},
	"subject":[
		{"value":"Chromatography, Thin Layer"},
	{"value":"Diterpenes, Kaurane"},
	{"value":"Glucosides"},
	{"value":"Stevia"}
	],
	"pageStart":24,
	"volume":1,
	"pageEnd":6,
	"about":"http://agris.fao.org/aos/records/PM23513952",
	"identifier":"PM23513952",
	"type":"Journal Article",
	"isPartOf":
		{"Journal":
		{"title":{"value":"Journal of AOAC International"},
	"ISSN":{"value":"1060-3271"}
	}
	},
	"issued":"2013-03-21",
	"dateSubmitted":"forIndex",
	"creator":[
		{
		"Person":
		{"name":"Londhe, Smita V, SV"
	}
	},
	{
		"Person":
		{"name":"Nanaware, Sadhana M, SM"
	}
	}
	],
	"abstract":{"value":"An HPTLC method was developed and validated for simultaneous determination of stevioside (STE) and rebaudioside-A (REB-A) in Stevia rebaudiana leaves. The HPTLC separation was performed on precoated silica gel 60F254 HPTLC plates with the mobile phase ethyl acetate-ethanol-acetone-water (15 + 3 + 6 + 6, v/v/v/v). The densitometric quantification of steviol glycosides was carried out at Amax 580 nm in the reflection-absorption mode after spraying with anisaldehyde-sulfuric acid reagent. Rf values were 0.34 and 0.28 for STE and REB-A, respectively. The content of STE and REB-A in leaf extract was found to be 6.94 and 6.35%, respectively. The method was validated in terms of precision, accuracy, specificity, and robustness. The method can be useful for routine analysis of the sweeteners."}
	}}
