{"resource": {
	"language":"eng",
	"title":{"value":"Steviol glycosides: chemical diversity, metabolism, and function."},
	"subject":[
		{"value":"Diterpenes, Kaurane"},
	{"value":"Glycosides"},
	{"value":"Molecular Structure"},
	{"value":"Stevia"},
	{"value":"Sweetening Agents"}
	],
	"pageStart":1201,
	"volume":6,
	"doi":"10.1021/np400203b",
	"pageEnd":28,
	"about":"http://agris.fao.org/aos/records/PM23713723",
	"identifier":"PM23713723",
	"type":"Journal Article",
	"isPartOf":
		{"Journal":
		{"title":{"value":"Journal of natural products"},
	"ISSN":{"value":"1520-6025"}
	}
	},
	"issued":"2013-06-28",
	"dateSubmitted":"forIndex",
	"creator":[
		{
		"Person":
		{"name":"Ceunen, Stijn, S"
	}
	},
	{
		"Person":
		{"name":"Geuns, Jan M C, JM"
	}
	}
	],
	"abstract":{"value":"Steviol glycosides are a group of highly sweet diterpene glycosides discovered in only a few plant species, most notably the Paraguayan shrub Stevia rebaudiana. During the past few decades, the nutritional and pharmacological benefits of these secondary metabolites have become increasingly apparent. While these properties are now widely recognized, many aspects related to their in vivo biochemistry and metabolism and their relationship to the overall plant physiology of S. rebaudiana are not yet understood. Furthermore, the large size of the steviol glycoside pool commonly found within S. rebaudiana leaves implies a significant metabolic investment and poses questions regarding the benefits S. rebaudiana might gain from their accumulation. The current review intends to thoroughly discuss the available knowledge on these issues."}
	}}
