{"resource": {
	"language":"eng",
	"title":{"value":"Mass propagation of shoots of Stevia rebaudiana using a large scale bioreactor."},
	"pageStart":180,
	"volume":"3-4",
	"doi":"10.1007/BF00239888",
	"pageEnd":3,
	"about":"http://agris.fao.org/aos/records/PM24193647",
	"identifier":"PM24193647",
	"type":"Journal Article",
	"isPartOf":
		{"Journal":
		{"title":{"value":"Plant cell reports"},
	"ISSN":{"value":"0721-7714"}
	}
	},
	"issued":"2013-11-06",
	"dateSubmitted":"forIndex",
	"creator":[
		{
		"Person":
		{"name":"Akita, M, M"
	}
	},
	{
		"Person":
		{"name":"Shigeoka, T, T"
	}
	},
	{
		"Person":
		{"name":"Koizumi, Y, Y"
	}
	},
	{
		"Person":
		{"name":"Kawamura, M, M"
	}
	}
	],
	"abstract":{"value":"A procedure for the mass propagation of multiple shoots of Stevia rebaudiana is described. Isolated shoot primordia were used as the inoculum to obtain clusters of shoot primordia. Such clusters were grown in a 500 liter bioreactor to obtain shoots. A total of 64.6 Kg of shoots were propagated from 460 g of the inoculated shoot primordia. These shoots were easily acclimatized in soil."}
	}}
