{"resource": {
	"language":"eng",
	"title":{"value":"An in vitro and in vivo comparison of the effect of Stevia rebaudiana extracts on different caries-related variables: a randomized controlled trial pilot study."},
	"subject":[
		{"value":"Adult"},
	{"value":"Bacterial Load"},
	{"value":"Bacteriological Techniques"},
	{"value":"Biofilms"},
	{"value":"Coloring Agents"},
	{"value":"Dental Caries"},
	{"value":"Dental Plaque"},
	{"value":"Diterpenes, Kaurane"},
	{"value":"Female"},
	{"value":"Follow-Up Studies"},
	{"value":"Glucosides"},
	{"value":"Humans"},
	{"value":"Hydrogen-Ion Concentration"},
	{"value":"Male"},
	{"value":"Mouthwashes"},
	{"value":"Pilot Projects"},
	{"value":"Plant Extracts"},
	{"value":"Spectrophotometry"},
	{"value":"Stevia"},
	{"value":"Streptococcus mutans"},
	{"value":"Sucrose"},
	{"value":"Sweetening Agents"},
	{"value":"Tetrazolium Salts"},
	{"value":"Thiazoles"},
	{"value":"Young Adult"}
	],
	"pageStart":19,
	"volume":1,
	"pageEnd":23,
	"about":"https://www.ncbi.nlm.nih.gov/pubmed/PM24216624",
	"identifier":"PM24216624",
	"type":"Other",
	"isPartOf":
		{"Journal":
		{"title":{"value":"Caries research"},
	"ISSN":{"value":"1421-976X"}
	}
	},
	"issued":"2014-01-17",
	"dateSubmitted":2016,
	"creator":[
		{
		"Person":
		{"name":"Brambilla, E, E"
	}
	},
	{
		"Person":
		{"name":"Cagetti, M G, MG"
	}
	},
	{
		"Person":
		{"name":"Ionescu, A, A"
	}
	},
	{
		"Person":
		{"name":"Campus, G, G"
	}
	},
	{
		"Person":
		{"name":"Lingström, P, P"
	}
	}
	],
	"abstract":{"value":"The effect of Stevia extracts on in vitro Streptococcus mutans biofilm formation and in vivo plaque pH was evaluated in this paper. Three 10% solutions containing stevioside, rebaudioside A or sucrose were prepared. MTT assay was used to evaluate microbiological counts in vitro. Twenty volunteers rinsed for 1 min with each solutions, and plaque pH was measured at 7 time points after each rinse. Higher in vitro S. mutans biofilm formation was observed in sucrose solution (p < 0.01). After 5, 10, 15 and 30 min, the sucrose in vivo rinse produced a statistically significantly lower pH value compared to the Stevia extracts (F = 99.45, p < 0.01).Stevia extracts can be considered nonacidogenic."}
	,"source":{"resource":"https://www.ncbi.nlm.nih.gov/pubmed/"}}}
