{"resource": {
	"language":"eng",
	"title":{"value":"Isolation and characterization of a novel rebaudioside M isomer from a bioconversion reaction of rebaudioside A and NMR comparison studies of rebaudioside M isolated from Stevia rebaudiana Bertoni and Stevia rebaudiana Morita."},
	"subject":[
		{"value":"Biotransformation"},
	{"value":"Diterpenes, Kaurane"},
	{"value":"Isomerism"},
	{"value":"Magnetic Resonance Spectroscopy"},
	{"value":"Species Specificity"},
	{"value":"Stevia"},
	{"value":"Trisaccharides"}
	],
	"pageStart":374,
	"volume":2,
	"pageEnd":89,
	"about":"http://agris.fao.org/aos/records/PM24970220",
	"identifier":"PM24970220",
	"type":"Other",
	"isPartOf":
		{"Journal":
		{"title":{"value":"Biomolecules"},
	"ISSN":{"value":"2218-273X"}
	}
	},
	"issued":"2014-06-27",
	"dateSubmitted":2016,
	"uri":"https://www.ncbi.nlm.nih.gov/pmc/articles/PMC4101487",
	"creator":[
		{
		"Person":
		{"name":"Prakash, Indra, I"
	}
	},
	{
		"Person":
		{"name":"Bunders, Cynthia, C"
	}
	},
	{
		"Person":
		{"name":"Devkota, Krishna P, KP"
	}
	},
	{
		"Person":
		{"name":"Charan, Romila D, RD"
	}
	},
	{
		"Person":
		{"name":"Ramirez, Catherine, C"
	}
	},
	{
		"Person":
		{"name":"Priedemann, Christopher, C"
	}
	},
	{
		"Person":
		{"name":"Markosyan, Avetik, A"
	}
	}
	],
	"abstract":{"value":"A minor product, rebaudioside M2 (2), from the bioconversion reaction of rebaudioside A (4) to rebaudioside D (3), was isolated and the complete structure of the novel steviol glycoside was determined. Rebaudioside M2 (2) is considered an isomer of rebaudioside M (1) and contains a relatively rare 1→6 sugar linkage. It was isolated and characterized with NMR (1H, 13C, COSY, HSQC-DEPT, HMBC, 1D-TOCSY, and NOESY) and mass spectral data. Additionally, we emphasize the importance of 1D and 2D NMR techniques when identifying complex steviol glycosides. Numerous NMR spectroscopy studies of rebaudioside M (1), rebaudioside D (3), and mixture of 1 and 3 led to the discovery that SG17 which was previously reported in literature, is a mixture of rebaudioside D (3), rebaudioside M (1), and possibly other related steviol glycosides."}
	}}
