{"resource": {
	"language":"eng",
	"title":{"value":"Steviol glycosides modulate glucose transport in different cell types."},
	"subject":[
		{"value":"Biological Transport"},
	{"value":"Caspase 3"},
	{"value":"Cell Line"},
	{"value":"Cell Proliferation"},
	{"value":"Cell Survival"},
	{"value":"Diterpenes, Kaurane"},
	{"value":"Glucose"},
	{"value":"Glucose Transport Proteins, Facilitative"},
	{"value":"Glycosides"},
	{"value":"Humans"},
	{"value":"Insulin"},
	{"value":"L-Lactate Dehydrogenase"},
	{"value":"Phosphatidylinositol 3-Kinases"},
	{"value":"Plant Extracts"},
	{"value":"Proto-Oncogene Proteins c-akt"},
	{"value":"Pyruvaldehyde"},
	{"value":"Reactive Oxygen Species"},
	{"value":"Signal Transduction"}
	],
	"pageStart":348169,
	"doi":"10.1155/2013/348169",
	"about":"http://agris.fao.org/aos/records/PM24327825",
	"identifier":"PM24327825",
	"type":"Journal Article",
	"isPartOf":
		{"Journal":
		{"title":{"value":"Oxidative medicine and cellular longevity"},
	"ISSN":{"value":"1942-0994"}
	}
	},
	"issued":"2013-12-11",
	"uri":"https://www.ncbi.nlm.nih.gov/pmc/articles/PMC3845854",
	"dateSubmitted":"forIndex",
	"creator":[
		{
		"Person":
		{"name":"Rizzo, Benedetta, B"
	}
	},
	{
		"Person":
		{"name":"Zambonin, Laura, L"
	}
	},
	{
		"Person":
		{"name":"Angeloni, Cristina, C"
	}
	},
	{
		"Person":
		{"name":"Leoncini, Emanuela, E"
	}
	},
	{
		"Person":
		{"name":"Dalla Sega, Francesco Vieceli, FV"
	}
	},
	{
		"Person":
		{"name":"Prata, Cecilia, C"
	}
	},
	{
		"Person":
		{"name":"Fiorentini, Diana, D"
	}
	},
	{
		"Person":
		{"name":"Hrelia, Silvana, S"
	}
	}
	],
	"abstract":{"value":"Extracts from Stevia rebaudiana Bertoni, a plant native to Central and South America, have been used as a sweetener since ancient times. Currently, Stevia extracts are largely used as a noncaloric high-potency biosweetener alternative to sugar, due to the growing incidence of type 2 diabetes mellitus, obesity, and metabolic disorders worldwide. Despite the large number of studies on Stevia and steviol glycosides in vivo, little is reported concerning the cellular and molecular mechanisms underpinning the beneficial effects on human health. The effect of four commercial Stevia extracts on glucose transport activity was evaluated in HL-60 human leukaemia and in SH-SY5Y human neuroblastoma cells. The extracts were able to enhance glucose uptake in both cellular lines, as efficiently as insulin. Our data suggest that steviol glycosides could act by modulating GLUT translocation through the PI3K/Akt pathway since treatments with both insulin and Stevia extracts increased the phosphorylation of PI3K and Akt. Furthermore, Stevia extracts were able to revert the effect of the reduction of glucose uptake caused by methylglyoxal, an inhibitor of the insulin receptor/PI3K/Akt pathway. These results corroborate the hypothesis that Stevia extracts could mimic insulin effects modulating PI3K/Akt pathway."}
	}}
