{"resource": {
	"language":"eng",
	"title":{"value":"Clonal propagation of Stevia rebaudiana Bertoni by stem-tip culture."},
	"pageStart":183,
	"volume":5,
	"pageEnd":5,
	"about":"http://agris.fao.org/aos/records/PM24253511",
	"identifier":"PM24253511",
	"type":"Journal Article",
	"isPartOf":
		{"Journal":
		{"title":{"value":"Plant cell reports"},
	"ISSN":{"value":"0721-7714"}
	}
	},
	"issued":"2013-11-22",
	"dateSubmitted":2016,
	"creator":[
		{
		"Person":
		{"name":"Tamura, Y, Y"
	}
	},
	{
		"Person":
		{"name":"Nakamura, S, S"
	}
	},
	{
		"Person":
		{"name":"Fukui, H, H"
	}
	},
	{
		"Person":
		{"name":"Tabata, M, M"
	}
	}
	],
	"abstract":{"value":"Clonal propagation of Stevia rebaudiana has been established by culturing stem-tips with a few leaf primordia on an agar medium supplemented with a high concentration (10 mg/l) of kinetin. Anatomical examination has suggested that these multiple shoots originate from a number of adventitious buds formed on the margin of the leaf. Innumerable shoots can be obtained by repeating the cycle of multiple-shoot formation from a single stem-tip of Stevia. These shoots produce roots when transferred to a medium containing NAA (0.1 mg/l) without kinetin. The regenerated plantlets can be transplanted to soil."}
	}}
