{"resource": {
	"language":"eng",
	"title":{"value":"Micropropagation and acclimatization of Stevia rebaudiana Bertoni."},
	"subject":[
		{"value":"Acclimatization"},
	{"value":"Crops, Agricultural"},
	{"value":"Kinetin"},
	{"value":"Naphthaleneacetic Acids"},
	{"value":"Plant Growth Regulators"},
	{"value":"Plant Roots"},
	{"value":"Plant Shoots"},
	{"value":"Seeds"},
	{"value":"Stevia"},
	{"value":"Time Factors"},
	{"value":"Tissue Culture Techniques"}
	],
	"pageStart":887,
	"volume":17,
	"pageEnd":90,
	"about":"http://agris.fao.org/aos/records/PM24498844",
	"identifier":"PM24498844",
	"type":"Journal Article",
	"isPartOf":
		{"Journal":
		{"title":{"value":"Pakistan journal of biological sciences : PJBS"},
	"ISSN":{"value":"1028-8880"}
	}
	},
	"issued":"2014-02-06",
	"dateSubmitted":2016,
	"creator":[
		{
		"Person":
		{"name":"Chotikadachanarong, Kittisak, K"
	}
	},
	{
		"Person":
		{"name":"Dheeranupattana, Srisuluk, S"
	}
	}
	],
	"abstract":{"value":"Multiple shoot induction of Stevia rebaudiana Bertoni was studied by node explants that were cultured on solidified MS media and supplemented with 0, 1, 2, 3 and 4 mg L-1 kinetin for 4 weeks. The results showed the maximum amount of multiple shoot induction (9.31+/-4.17 shoots/explant) when cultured on MS media supplemented with 3 mg L-1 kinetin. In vitro shoots were rooted on solidified MS media supplemented with 0, 0.1, 0.5 and 2 mg L-1 Naphthaleneacetic Acid (NAA) for 4 weeks. The highest number of roots (11.18+/-1.34 roots/shoot) was detected on a concentration of 0.1 mg L-1 NAA while the high survival rate (80%) was obtained when the rooted plantlets were transferred to greenhouse conditions."}
	}}
