{"resource": {
	"language":"eng",
	"title":{"value":"Minor diterpene glycosides from the leaves of Stevia rebaudiana."},
	"subject":[
		{"value":"Diterpenes, Kaurane"},
	{"value":"Glucosides"},
	{"value":"Minnesota"},
	{"value":"Molecular Structure"},
	{"value":"Nuclear Magnetic Resonance, Biomolecular"},
	{"value":"Plant Leaves"},
	{"value":"Stevia"},
	{"value":"Sweetening Agents"}
	],
	"pageStart":1231,
	"volume":5,
	"pageEnd":5,
	"about":"https://www.ncbi.nlm.nih.gov/pubmed/PM24758242",
	"identifier":"PM24758242",
	"type":"Journal Article",
	"isPartOf":
		{"Journal":
		{"title":{"value":"Journal of natural products"},
	"ISSN":{"value":"1520-6025"}
	}
	},
	"issued":"2014-09-11",
	"dateSubmitted":2016,
	"creator":[
		{
		"Person":
		{"name":"Ibrahim, Mohamed A, MA"
	}
	},
	{
		"Person":
		{"name":"Rodenburg, Douglas L, DL"
	}
	},
	{
		"Person":
		{"name":"Alves, Kamilla, K"
	}
	},
	{
		"Person":
		{"name":"Fronczek, Frank R, FR"
	}
	},
	{
		"Person":
		{"name":"McChesney, James D, JD"
	}
	},
	{
		"Person":
		{"name":"Wu, Chongming, C"
	}
	},
	{
		"Person":
		{"name":"Nettles, Brian J, BJ"
	}
	},
	{
		"Person":
		{"name":"Venkataraman, Sylesh K, SK"
	}
	},
	{
		"Person":
		{"name":"Jaksch, Frank, F"
	}
	}
	],
	"abstract":{"value":"Two new diterpene glycosides in addition to five known glycosides have been isolated from a commercial extract of the leaves of Stevia rebaudiana. Compound 1 (rebaudioside KA) was shown to be 13-[(O-β-d-glucopyranosyl)oxy]ent-kaur-16-en-19-oic acid 2-O-β-d-glucopyranosyl-β-d-glucopyranosyl ester and compound 2, 12-α-[(2-O-β-d-glucopyranosyl-β-d-glucopyranosyl)oxy]ent-kaur-16-en-19-oic acid β-d-glucopyranosyl ester. Five additional known compounds were identified, rebaudioside E, rebaudioside M, rebaudioside N, rebaudioside O, and stevioside, respectively. Enzymatic hydrolysis of stevioside afforded the known ent-kaurane aglycone 13-hydroxy-ent-kaur-16-en-19-oic acid (steviol) (3). The isolated metabolite 1 possesses the ent-kaurane aglycone steviol (3), while compound 2 represents the first example of the isomeric diterpene 12-α-hydroxy-ent-kaur-16-en-19-oic acid existing as a glycoside in S. rebaudiana. The structures of the isolated metabolites 1 and 2 were determined based on comprehensive 1D- and 2D-NMR (COSY, HSQC, and HMBC) studies. A high-quality crystal of compound 3 has formed, which allowed the acquisition of X-ray diffraction data that confirmed its structure. The structural similarities between the new metabolites and the commercially available stevioside sweeteners suggest the newly isolated metabolites should be examined for their organoleptic properties. Accordingly rebaudiosides E, M, N, O, and KA have been isolated in greater than gram quantities."}
	,"source":{"resource":"https://www.ncbi.nlm.nih.gov/pubmed/"}}}
