{"resource": {
	"language":"eng",
	"title":{"value":"Quantitation of sweet steviol glycosides by means of a HILIC-MS/MS-SIDA approach."},
	"subject":[
		{"value":"Chromatography, High Pressure Liquid"},
	{"value":"Diterpenes, Kaurane"},
	{"value":"Food Analysis"},
	{"value":"Glucosides"},
	{"value":"Glycosides"},
	{"value":"Plant Leaves"},
	{"value":"Reference Standards"},
	{"value":"Sensitivity and Specificity"},
	{"value":"Stevia"},
	{"value":"Sweetening Agents"},
	{"value":"Tandem Mass Spectrometry"}
	],
	"pageStart":11312,
	"volume":47,
	"pageEnd":20,
	"about":"https://www.ncbi.nlm.nih.gov/pubmed/PM24206531",
	"identifier":"PM24206531",
	"type":"Journal Article",
	"isPartOf":
		{"Journal":
		{"title":{"value":"Journal of agricultural and food chemistry"},
	"ISSN":{"value":"1520-5118"}
	}
	},
	"issued":"2013-11-27",
	"dateSubmitted":2016,
	"creator":[
		{
		"Person":
		{"name":"Well, Caroline, C"
	}
	},
	{
		"Person":
		{"name":"Frank, Oliver, O"
	}
	},
	{
		"Person":
		{"name":"Hofmann, Thomas, T"
	}
	}
	],
	"abstract":{"value":"Meeting the rising consumer demand for natural food ingredients, steviol glycosides, the sweet principle of Stevia rebaudiana Bertoni (Bertoni), have recently been approved as food additives in the European Union. As regulatory constraints require sensitive methods to analyze the sweet-tasting steviol glycosides in foods and beverages, a HILIC-MS/MS method was developed enabling the accurate and reliable quantitation of the major steviol glycosides stevioside, rebaudiosides A-F, steviolbioside, rubusoside, and dulcoside A by using the corresponding deuterated 16,17-dihydrosteviol glycosides as suitable internal standards. This quantitation not only enables the analysis of the individual steviol glycosides in foods and beverages but also can support the optimization of breeding and postharvest downstream processing of Stevia plants to produce preferentially sweet and least bitter tasting Stevia extracts."}
	,"source":{"resource":"https://www.ncbi.nlm.nih.gov/pubmed/"}}}
