{"resource": {
	"language":"eng",
	"title":{"value":"Additional minor diterpene glycosides from Stevia rebaudiana Bertoni."},
	"subject":[
		{"value":"Asteraceae"},
	{"value":"Diterpenes"},
	{"value":"Glycosides"},
	{"value":"Magnetic Resonance Spectroscopy"},
	{"value":"Stevia"}
	],
	"pageStart":13510,
	"volume":11,
	"doi":"10.3390/molecules181113510",
	"pageEnd":9,
	"about":"http://agris.fao.org/aos/records/PM24184820",
	"identifier":"PM24184820",
	"type":"Journal Article",
	"isPartOf":
		{"Journal":
		{"title":{"value":"Molecules (Basel, Switzerland)"},
	"ISSN":{"value":"1420-3049"}
	}
	},
	"issued":"2013-11-04",
	"dateSubmitted":"forIndex",
	"creator":[
		{
		"Person":
		{"name":"Prakash, Indra, I"
	}
	},
	{
		"Person":
		{"name":"Chaturvedula, Venkata Sai Prakash, VS"
	}
	}
	],
	"abstract":{"value":"Two additional novel minor diterpene glycosides were isolated from the commercial extract of the leaves of Stevia rebaudiana Bertoni. The structures of the new compounds were identified as 13-{β-D-glucopyranosyl-(1 → 2)-O-[β-D-glucopyranosyl-(1 → 3)-β-D-glucopyranosyl-oxy} ent-kaur-16-en-19-oic acid {β-D-xylopyranosyl-(1 → 2)-O-[β-D-glucopyranosyl-(1 → 3)]-O-β-D-glucupyranosyl-ester} (1), and 13-{β-D-6-deoxy-glucopyranosyl-(1 → 2)-O-[β-D-glucopyranosyl-(1 → 3)-β-D-glucopyranosyl-oxy} ent-kaur-16-en-19-oic acid {β-D-glucopyranosyl-(1 → 2)-O-[β-D-glucopyranosyl-(1 → 3)-β-D-gluco-pyranosyl-ester} (2), on the basis of extensive 1D (1H- and 13C-) 2D NMR (COSY, HSQC and HMBC) and MS spectroscopic data as well as chemical studies."}
	}}
