{"resource": {
	"language":"eng",
	"title":{"value":"Genomics of Compositae crops: reference transcriptome assemblies and evidence of hybridization with wild relatives."},
	"subject":[
		{"value":"Asteraceae"},
	{"value":"Computational Biology"},
	{"value":"High-Throughput Nucleotide Sequencing"},
	{"value":"Molecular Sequence Data"},
	{"value":"Nucleic Acid Hybridization"},
	{"value":"Transcriptome"}
	],
	"pageStart":166,
	"volume":1,
	"pageEnd":77,
	"about":"https://www.ncbi.nlm.nih.gov/pubmed/PM24103297",
	"identifier":"PM24103297",
	"type":"Journal Article",
	"isPartOf":
		{"Journal":
		{"title":{"value":"Molecular ecology resources"},
	"ISSN":{"value":"1755-0998"}
	}
	},
	"issued":"2013-12-16",
	"dateSubmitted":2016,
	"creator":[
		{
		"Person":
		{"name":"Hodgins, Kathryn A, KA"
	}
	},
	{
		"Person":
		{"name":"Lai, Zhao, Z"
	}
	},
	{
		"Person":
		{"name":"Oliveira, Luiz O, LO"
	}
	},
	{
		"Person":
		{"name":"Still, David W, DW"
	}
	},
	{
		"Person":
		{"name":"Scascitelli, Moira, M"
	}
	},
	{
		"Person":
		{"name":"Barker, Michael S, MS"
	}
	},
	{
		"Person":
		{"name":"Kane, Nolan C, NC"
	}
	},
	{
		"Person":
		{"name":"Dempewolf, Hannes, H"
	}
	},
	{
		"Person":
		{"name":"Kozik, Alex, A"
	}
	},
	{
		"Person":
		{"name":"Kesseli, Richard V, RV"
	}
	},
	{
		"Person":
		{"name":"Burke, John M, JM"
	}
	},
	{
		"Person":
		{"name":"Michelmore, Richard W, RW"
	}
	},
	{
		"Person":
		{"name":"Rieseberg, Loren H, LH"
	}
	}
	],
	"abstract":{"value":"Although the Compositae harbours only two major food crops, sunflower and lettuce, many other species in this family are utilized by humans and have experienced various levels of domestication. Here, we have used next-generation sequencing technology to develop 15 reference transcriptome assemblies for Compositae crops or their wild relatives. These data allow us to gain insight into the evolutionary and genomic consequences of plant domestication. Specifically, we performed Illumina sequencing of Cichorium endivia, Cichorium intybus, Echinacea angustifolia, Iva annua, Helianthus tuberosus, Dahlia hybrida, Leontodon taraxacoides and Glebionis segetum, as well 454 sequencing of Guizotia scabra, Stevia rebaudiana, Parthenium argentatum and Smallanthus sonchifolius. Illumina reads were assembled using Trinity, and 454 reads were assembled using MIRA and CAP3. We evaluated the coverage of the transcriptomes using BLASTX analysis of a set of ultra-conserved orthologs (UCOs) and recovered most of these genes (88-98%). We found a correlation between contig length and read length for the 454 assemblies, and greater contig lengths for the 454 compared with the Illumina assemblies. This suggests that longer reads can aid in the assembly of more complete transcripts. Finally, we compared the divergence of orthologs at synonymous sites (Ks) between Compositae crops and their wild relatives and found greater divergence when the progenitors were self-incompatible. We also found greater divergence between pairs of taxa that had some evidence of postzygotic isolation. For several more distantly related congeners, such as chicory and endive, we identified a signature of introgression in the distribution of Ks values."}
	,"source":{"resource":"https://www.ncbi.nlm.nih.gov/pubmed/"}}}
