{"resource": {
	"language":"eng",
	"title":{"value":"Anti-inflammatory effect of austroinulin and 6-O-acetyl-austroinulin from Stevia rebaudiana in lipopolysaccharide-stimulated RAW264.7 macrophages."},
	"subject":[
		{"value":"Animals"},
	{"value":"Anti-Inflammatory Agents, Non-Steroidal"},
	{"value":"Cell Line"},
	{"value":"Cytokines"},
	{"value":"Diterpenes"},
	{"value":"Interferon Regulatory Factor-3"},
	{"value":"Lipopolysaccharides"},
	{"value":"Macrophages"},
	{"value":"Mice"},
	{"value":"NF-kappa B"},
	{"value":"Nitric Oxide"},
	{"value":"Nitric Oxide Synthase Type II"},
	{"value":"Phosphorylation"},
	{"value":"STAT1 Transcription Factor"},
	{"value":"Stevia"}
	],
	"pageStart":638,
	"pageEnd":44,
	"about":"http://agris.fao.org/aos/records/PM24055769",
	"identifier":"PM24055769",
	"type":"Journal Article",
	"isPartOf":
		{"Journal":
		{"title":{"value":"Food and chemical toxicology : an international journal published for the British Industrial Biological Research Association"},
	"ISSN":{"value":"1873-6351"}
	}
	},
	"issued":"2013-11-26",
	"dateSubmitted":2016,
	"creator":[
		{
		"Person":
		{"name":"Cho, Byoung Ok, BO"
	}
	},
	{
		"Person":
		{"name":"Ryu, Hyung Won, HW"
	}
	},
	{
		"Person":
		{"name":"So, Yangkang, Y"
	}
	},
	{
		"Person":
		{"name":"Cho, Jung Keun, JK"
	}
	},
	{
		"Person":
		{"name":"Woo, Hyun Sim, HS"
	}
	},
	{
		"Person":
		{"name":"Jin, Chang Hyun, CH"
	}
	},
	{
		"Person":
		{"name":"Seo, Kwon Il, KI"
	}
	},
	{
		"Person":
		{"name":"Park, Jong Chun, JC"
	}
	},
	{
		"Person":
		{"name":"Jeong, Il Yun, IY"
	}
	}
	],
	"abstract":{"value":"Austroinulin (AI) and 6-O-acetyl-austroinulin (6-OAAI) are natural diterpenoids isolated from Stevia rebaudiana with anti-inflammatory activity. However, the mechanisms underlying their anti-inflammatory effects are not well understood. The purpose of this study was to investigate the effect of AI and 6-OAAI on nitric oxide (NO) production and their molecular mechanism in LPS-stimulated RAW264.7 macrophages. We found that AI and 6-OAAI inhibit the production of NO, iNOS, and pro-inflammatory cytokines (TNF-α, IL-6, IL-1β, and MCP-1) in LPS-stimulated RAW264.7 macrophages. In these same cells, AI and 6-OAAI also suppressed the phosphorylation of STAT1 and the production of interferon-beta (IFN-β). Moreover, treatment with AI and 6-OAAI inhibited the activation of interferon regulatory factor-3 (IRF3) and NF-κB. Taken together, our results suggest that AI and 6-OAAI inhibit NO production and iNOS expression by blocking the activation of STAT1, IRF3, and NF-κB in LPS-stimulated RAW264.7 macrophages."}
	}}
