{"resource": {
	"language":"eng",
	"title":{"value":"Synthetic-biology firms shift focus."},
	"subject":[
		{"value":"Benzaldehydes"},
	{"value":"Biofuels"},
	{"value":"Food Industry"},
	{"value":"Genetic Engineering"},
	{"value":"Perfume"},
	{"value":"Public Opinion"},
	{"value":"Stevia"},
	{"value":"Synthetic Biology"},
	{"value":"Yeasts"}
	],
	"pageStart":598,
	"volume":7485,
	"doi":"10.1038/505598a",
	"about":"http://agris.fao.org/aos/records/PM24476868",
	"identifier":"PM24476868",
	"type":"Other",
	"isPartOf":
		{"Journal":
		{"title":{"value":"Nature"},
	"ISSN":{"value":"1476-4687"}
	}
	},
	"issued":"2014-01-30",
	"dateSubmitted":"forIndex",
	"creator":
		{"Person":
		{"name":"Hayden, Erika Check, EC"
	}
	}
	}}
