{"resource": {
	"language":"eng",
	"title":{"value":"Anti-rotavirus effects by combination therapy of stevioside and Sophora flavescens extract."},
	"subject":[
		{"value":"Animals"},
	{"value":"Diarrhea"},
	{"value":"Diterpenes, Kaurane"},
	{"value":"Drug Therapy, Combination"},
	{"value":"Feces"},
	{"value":"Female"},
	{"value":"Glucosides"},
	{"value":"Histocytochemistry"},
	{"value":"Intestine, Small"},
	{"value":"Male"},
	{"value":"Plant Extracts"},
	{"value":"RNA, Viral"},
	{"value":"Random Allocation"},
	{"value":"Real-Time Polymerase Chain Reaction"},
	{"value":"Rotavirus"},
	{"value":"Rotavirus Infections"},
	{"value":"Sophora"},
	{"value":"Swine"},
	{"value":"Swine Diseases"}
	],
	"pageStart":567,
	"volume":3,
	"doi":"10.1016/j.rvsc.2014.03.011",
	"pageEnd":75,
	"about":"http://agris.fao.org/aos/records/PM24704033",
	"identifier":"PM24704033",
	"type":"Journal Article",
	"isPartOf":
		{"Journal":
		{"title":{"value":"Research in veterinary science"},
	"ISSN":{"value":"1532-2661"}
	}
	},
	"issued":"2014-05-09",
	"dateSubmitted":"forIndex",
	"creator":[
		{
		"Person":
		{"name":"Alfajaro, Mia Madel, MM"
	}
	},
	{
		"Person":
		{"name":"Rho, Mun-Chual, MC"
	}
	},
	{
		"Person":
		{"name":"Kim, Hyun-Jeong, HJ"
	}
	},
	{
		"Person":
		{"name":"Park, Jun-Gyu, JG"
	}
	},
	{
		"Person":
		{"name":"Kim, Deok-Song, DS"
	}
	},
	{
		"Person":
		{"name":"Hosmillo, Myra, M"
	}
	},
	{
		"Person":
		{"name":"Son, Kyu-Yeol, KY"
	}
	},
	{
		"Person":
		{"name":"Lee, Ju-Hwan, JH"
	}
	},
	{
		"Person":
		{"name":"Park, Sang-Ik, SI"
	}
	},
	{
		"Person":
		{"name":"Kang, Mun-Il, MI"
	}
	},
	{
		"Person":
		{"name":"Ryu, Young Bae, YB"
	}
	},
	{
		"Person":
		{"name":"Park, Ki Hun, KH"
	}
	},
	{
		"Person":
		{"name":"Oh, Hyun-Mee, HM"
	}
	},
	{
		"Person":
		{"name":"Lee, Seung Woong, SW"
	}
	},
	{
		"Person":
		{"name":"Park, Su-Jin, SJ"
	}
	},
	{
		"Person":
		{"name":"Lee, Woo Song, WS"
	}
	},
	{
		"Person":
		{"name":"Cho, Kyoung-Oh, KO"
	}
	}
	],
	"abstract":{"value":"Anti-rotaviral activities of Sophora flavescens extract (SFE) and stevioside (SV) from Stevia rebaudiana Bertoni either singly or in various combinations were examined in vitro and in vivo using a porcine rotavirus G5[P7] strain. Combination of SFE and SV inhibited in vitro virus replication more efficiently than each single treatment. In the piglet model, SV had no effect on rotavirus enteritis, whereas SFE improved but did not completely cure rotaviral enteritis. Interestingly, combination therapy of SFE and SV alleviated diarrhea, and markedly improved small intestinal lesion score and fecal virus shedding. Acute toxicity tests including the piglet lethal dose 50, and body weight, organ weight and pathological changes for the combination therapy did not show any adverse effect on the piglets. These preliminary data suggest that the combination therapy of SV and SFE is a potential curative medication for rotaviral diarrhea in pigs. Determination of the efficacy of this combination therapy in other species including humans needs to be addressed in the future."}
	}}
