{"resource": {
	"language":"eng",
	"title":{"value":"Stevia rebaudiana Bertoni as a natural antioxidant/antimicrobial for high pressure processed fruit extract: processing parameter optimization."},
	"subject":[
		{"value":"Anti-Bacterial Agents"},
	{"value":"Antioxidants"},
	{"value":"Carica"},
	{"value":"Catechol Oxidase"},
	{"value":"Citrus sinensis"},
	{"value":"Food Preservation"},
	{"value":"Food Preservatives"},
	{"value":"Fruit"},
	{"value":"Listeria monocytogenes"},
	{"value":"Mangifera"},
	{"value":"Peroxidase"},
	{"value":"Plant Extracts"},
	{"value":"Plant Proteins"},
	{"value":"Stevia"}
	],
	"pageStart":261,
	"doi":"10.1016/j.foodchem.2013.10.048",
	"pageEnd":7,
	"about":"http://agris.fao.org/aos/records/PM24262555",
	"identifier":"PM24262555",
	"type":"Other",
	"isPartOf":
		{"Journal":
		{"title":{"value":"Food chemistry"},
	"ISSN":{"value":"0308-8146"}
	}
	},
	"issued":"2013-11-22",
	"dateSubmitted":"forIndex",
	"creator":[
		{
		"Person":
		{"name":"Barba, Francisco José, FJ"
	}
	},
	{
		"Person":
		{"name":"Criado, María Nieves, MN"
	}
	},
	{
		"Person":
		{"name":"Belda-Galbis, Clara Miracle, CM"
	}
	},
	{
		"Person":
		{"name":"Esteve, María José, MJ"
	}
	},
	{
		"Person":
		{"name":"Rodrigo, Dolores, D"
	}
	}
	],
	"abstract":{"value":"Response surface methodology was used to evaluate the optimal high pressure processing treatment (300-500 MPa, 5-15 min) combined with Stevia rebaudiana (Stevia) addition (0-2.5% (w/v)) to guarantee food safety while maintaining maximum retention of nutritional properties. A fruit extract matrix was selected and Listeria monocytogenes inactivation was followed from the food safety point of view while polyphenoloxidase (PPO) and peroxidase (POD) activities, total phenolic content (TPC) and antioxidant capacity (TEAC and ORAC) were studied from the food quality point of view. A combination of treatments achieved higher levels of inactivation of L. monocytogenes and of the oxidative enzymes, succeeding in completely inactivating POD and also increasing the levels of TPC, TEAC and ORAC. A treatment of 453 MPa for 5 min with a 2.5% (w/v) of Stevia succeeded in inactivating over 5 log cycles of L. monocytogenes and maximizing inactivation of PPO and POD, with the greatest retention of bioactive components."}
	}}
