{"resource": {
	"language":"eng",
	"title":{"value":"Response surface methodology to optimise Accelerated Solvent Extraction of steviol glycosides from Stevia rebaudiana Bertoni leaves."},
	"subject":[
		{"value":"Chromatography, High Pressure Liquid"},
	{"value":"Diterpenes, Kaurane"},
	{"value":"Europe"},
	{"value":"Glucosides"},
	{"value":"Models, Theoretical"},
	{"value":"Plant Extracts"},
	{"value":"Plant Leaves"},
	{"value":"Reproducibility of Results"},
	{"value":"Solvents"},
	{"value":"Stevia"}
	],
	"pageStart":561,
	"doi":"10.1016/j.foodchem.2014.06.078",
	"pageEnd":7,
	"about":"http://agris.fao.org/aos/records/PM25053094",
	"identifier":"PM25053094",
	"type":"Journal Article",
	"isPartOf":
		{"Journal":
		{"title":{"value":"Food chemistry"},
	"ISSN":{"value":"0308-8146"}
	}
	},
	"issued":"2014-07-23",
	"dateSubmitted":"forIndex",
	"creator":[
		{
		"Person":
		{"name":"Jentzer, Jean-Baptiste, JB"
	}
	},
	{
		"Person":
		{"name":"Alignan, Marion, M"
	}
	},
	{
		"Person":
		{"name":"Vaca-Garcia, Carlos, C"
	}
	},
	{
		"Person":
		{"name":"Rigal, Luc, L"
	}
	},
	{
		"Person":
		{"name":"Vilarem, Gérard, G"
	}
	}
	],
	"abstract":{"value":"Following the approval of steviol glycosides as a food additive in Europe in December 2011, large-scale stevia cultivation will have to be developed within the EU. Thus there is a need to increase the efficiency of stevia evaluation through germplasm enhancement and agronomic improvement programs. To address the need for faster and reproducible sample throughput, conditions for automated extraction of dried stevia leaves using Accelerated Solvent Extraction were optimised. A response surface methodology was used to investigate the influence of three factors: extraction temperature, static time and cycle number on the stevioside and rebaudioside A extraction yields. The model showed that all the factors had an individual influence on the yield. Optimum extraction conditions were set at 100 °C, 4 min and 1 cycle, which yielded 91.8% ± 3.4% of total extractable steviol glycosides analysed. An additional optimisation was achieved by reducing the grind size of the leaves giving a final yield of 100.8% ± 3.3%."}
	}}
