{"resource": {
	"language":"eng",
	"title":{"value":"Isolation and structural characterization of a new minor diterpene glycoside from Stevia rebaudiana."},
	"subject":[
		{"value":"Diterpenes"},
	{"value":"Glycosides"},
	{"value":"Magnetic Resonance Spectroscopy"},
	{"value":"Plant Leaves"},
	{"value":"Stevia"}
	],
	"pageStart":1677,
	"volume":12,
	"pageEnd":9,
	"about":"https://www.ncbi.nlm.nih.gov/pubmed/PM25632456",
	"identifier":"PM25632456",
	"type":"Journal Article",
	"isPartOf":
		{"Journal":
		{"title":{"value":"Natural product communications"},
	"ISSN":{"value":"1934-578X"}
	}
	},
	"issued":"2015-01-29",
	"dateSubmitted":2016,
	"creator":[
		{
		"Person":
		{"name":"Chaturvedula, Venkata Sai Prakash, VS"
	}
	},
	{
		"Person":
		{"name":"Zamora, Julian, J"
	}
	}
	],
	"abstract":{"value":"From the commercial extract of the leaves of the sweet plant Stevia rebaudiana Bertoni obtained from Sinochem Qingdao Co. Ltd., a new diterpene glycoside having three β-D-glucopyranosyl units of which two of them were connected in a relatively rare linkage of 3-β-D-glucobiosyl substitution at C-19 position of the aglycone steviol. The structure of the new compound has been characterized as 13-β-D-glucopyranosyloxy ent-kaur-16-en-19-oic acid-[(3-O-β-D- glucopyranosyl-β-D-glucopyranosyl) ester (1) on the basis of extensive 1D (1H and 13C) and 2D NMR (TOCSY, HMQC, and HMBC), and High Resolution mass spectroscopic data as well as hydrolysis studies."}
	,"source":{"resource":"https://www.ncbi.nlm.nih.gov/pubmed/"}}}
