{"resource": {
	"language":"eng",
	"title":{"value":"Artificial sweeteners: safe or unsafe?"},
	"subject":[
		{"value":"Aspartame"},
	{"value":"Diabetes Mellitus, Type 2"},
	{"value":"Dipeptides"},
	{"value":"Humans"},
	{"value":"Neoplasms"},
	{"value":"Obesity"},
	{"value":"Saccharin"},
	{"value":"Sucrose"},
	{"value":"Sweetening Agents"},
	{"value":"Thiazines"},
	{"value":"Weight Gain"}
	],
	"pageStart":225,
	"volume":2,
	"pageEnd":7,
	"about":"https://www.ncbi.nlm.nih.gov/pubmed/PM25842566",
	"identifier":"PM25842566",
	"type":"Journal Article",
	"isPartOf":
		{"Journal":
		{"title":{"value":"JPMA. The Journal of the Pakistan Medical Association"},
	"ISSN":{"value":"0030-9982"}
	}
	},
	"issued":"2015-04-06",
	"dateSubmitted":2016,
	"creator":[
		{
		"Person":
		{"name":"Qurrat-ul-Ain, , "
	}
	},
	{
		"Person":
		{"name":"Khan, Sohaib Ahmed, SA"
	}
	}
	],
	"abstract":{"value":"Artificial sweeteners or intense sweeteners are sugar substitutes that are used as an alternative to table sugar. They are many times sweeter than natural sugar and as they contain no calories, they may be used to control weight and obesity. Extensive scientific research has demonstrated the safety of the six low-calorie sweeteners currently approved for use in foods in the U.S. and Europe (stevia, acesulfame-K, aspartame, neotame, saccharin and sucralose), if taken in acceptable quantities daily. There is some ongoing debate over whether artificial sweetener usage poses a health threat .This review article aims to cover thehealth benefits, and risks, of consuming artificial sweeteners, and discusses natural sweeteners which can be used as alternatives."}
	,"source":{"resource":"https://www.ncbi.nlm.nih.gov/pubmed/"}}}
