{"resource": {
	"language":"eng",
	"title":{"value":"Production and physicochemical assessment of new stevia amino acid sweeteners from the natural stevioside."},
	"subject":[
		{"value":"Amino Acids"},
	{"value":"Chromatography, High Pressure Liquid"},
	{"value":"Diterpenes, Kaurane"},
	{"value":"Glucosides"},
	{"value":"Glycine"},
	{"value":"Spectrum Analysis"},
	{"value":"Stevia"}
	],
	"pageStart":979,
	"pageEnd":85,
	"about":"http://agris.fao.org/aos/records/PM25466115",
	"identifier":"PM25466115",
	"type":"Journal Article",
	"isPartOf":
		{"Journal":
		{"title":{"value":"Food chemistry"},
	"ISSN":{"value":"0308-8146"}
	}
	},
	"issued":"2014-12-03",
	"dateSubmitted":2016,
	"creator":[
		{
		"Person":
		{"name":"Khattab, Sherine N, SN"
	}
	},
	{
		"Person":
		{"name":"Massoud, Mona I, MI"
	}
	},
	{
		"Person":
		{"name":"Jad, Yahya El-Sayed, Yel-S"
	}
	},
	{
		"Person":
		{"name":"Bekhit, Adnan A, AA"
	}
	},
	{
		"Person":
		{"name":"El-Faham, Ayman, A"
	}
	}
	],
	"abstract":{"value":"New stevia amino acid sweeteners, stevia glycine ethyl ester (ST-GL) and stevia l-alanine methyl ester (ST-GL), were synthesised and characterised by IR, NMR ((1)H NMR and (13)C NMR) and elemental analysis. The purity of the new sweeteners was determined by HPLC and their sensory properties were evaluated relative to sucrose in an aqueous system. Furthermore, the stevia derivatives (ST-GL and ST-AL) were evaluated for their acute toxicity, melting point, solubility and heat stability. The novel sweeteners were stable in acidic, neutral or basic aqueous solutions maintained at 100 °C for 2 h. The sweetness intensity rate of the novel sweeteners was higher than sucrose. Stevia amino acid (ST-GL and ST-AL) solutions had a clean sweetness taste without bitterness when compared to stevioside. The novel sweeteners can be utilised as non-caloric sweeteners in the production of low-calorie food."}
	}}
