{"resource": {
	"language":"eng",
	"title":{"value":"Digital NMR profiles as building blocks: assembling ¹H fingerprints of steviol glycosides."},
	"subject":[
		{"value":"Diterpenes, Kaurane"},
	{"value":"Glucosides"},
	{"value":"Glycosides"},
	{"value":"Molecular Structure"},
	{"value":"Nuclear Magnetic Resonance, Biomolecular"},
	{"value":"Stevia"}
	],
	"pageStart":658,
	"volume":4,
	"pageEnd":65,
	"about":"http://agris.fao.org/aos/records/PM25714117",
	"identifier":"PM25714117",
	"type":"Journal Article",
	"isPartOf":
		{"Journal":
		{"title":{"value":"Journal of natural products"},
	"ISSN":{"value":"1520-6025"}
	}
	},
	"issued":"2015-04-24",
	"dateSubmitted":2016,
	"uri":"https://www.ncbi.nlm.nih.gov/pmc/articles/PMC4696868",
	"creator":[
		{
		"Person":
		{"name":"Napolitano, José G, JG"
	}
	},
	{
		"Person":
		{"name":"Simmler, Charlotte, C"
	}
	},
	{
		"Person":
		{"name":"McAlpine, James B, JB"
	}
	},
	{
		"Person":
		{"name":"Lankin, David C, DC"
	}
	},
	{
		"Person":
		{"name":"Chen, Shao-Nong, SN"
	}
	},
	{
		"Person":
		{"name":"Pauli, Guido F, GF"
	}
	}
	],
	"abstract":{"value":"This report describes a fragment-based approach to the examination of congeneric organic compounds by NMR spectroscopy. The method combines the classic interpretation of 1D- and 2D-NMR data sets with contemporary computer-assisted NMR analysis. Characteristic NMR profiles of key structural motifs were generated by (1)H iterative full spin analysis and then joined together as building blocks to recreate the (1)H NMR spectra of increasingly complex molecules. To illustrate the methodology described, a comprehensive analysis of steviol (1), seven steviol glycosides (2-8) and two structurally related isosteviol compounds (9, 10) was carried out. The study also assessed the potential impact of this method on relevant aspects of natural product research including structural verification, chemical dereplication, and mixture analysis."}
	}}
