{"resource": {
	"language":"eng",
	"title":{"value":"Chloroplast ultra structure, photosynthesis and enzyme activities in regenerated plants of Stevia rebaudiana (Bert.) Bertoni as influenced by copper sulphate in the medium."},
	"subject":[
		{"value":"Chloroplasts"},
	{"value":"Copper Sulfate"},
	{"value":"Photosynthesis"},
	{"value":"Stevia"}
	],
	"pageStart":898,
	"volume":9,
	"pageEnd":904,
	"about":"http://agris.fao.org/aos/records/PM25241590",
	"identifier":"PM25241590",
	"type":"Journal Article",
	"isPartOf":
		{"Journal":
		{"title":{"value":"Indian journal of experimental biology"},
	"ISSN":{"value":"0019-5189"}
	}
	},
	"issued":"2014-09-22",
	"dateSubmitted":"forIndex",
	"creator":[
		{
		"Person":
		{"name":"Jain, Pourvi, P"
	}
	},
	{
		"Person":
		{"name":"Kachhwaha, Sumita, S"
	}
	},
	{
		"Person":
		{"name":"Kothari, S L, SL"
	}
	}
	],
	"abstract":{"value":"Stevia rebaudiana (Bert.) Bertoni is an important medicinal plant used as noncaloric commercial sweetener. Plants regenerated with higher levels of copper sulphate in the medium exhibited enhanced activity of peroxidase and polyphenoloxidase (PPO) enzymes. Transmission electron microscopy (TEM) revealed increase in size and number of electron dense inclusions in the chloroplasts of plants regenerated at optimised level of copper sulphate (0.5 microM) in the medium. There was decrease in chlorogenic acid (CGA) content. Chl-a-fluorescence transient pattern (OJIP) showed that the photosynthesis process was more efficient at 0.5 microM CuSO4 in the medium."}
	}}
