{"resource": {
	"language":"eng",
	"title":{"value":"Effect of partial replacement of sugar with stevia on the quality of kulfi."},
	"pageStart":1612,
	"volume":8,
	"pageEnd":6,
	"about":"https://www.ncbi.nlm.nih.gov/pubmed/PM25114356",
	"identifier":"PM25114356",
	"type":"Journal Article",
	"isPartOf":
		{"Journal":
		{"title":{"value":"Journal of food science and technology"},
	"ISSN":{"value":"0022-1155"}
	}
	},
	"issued":"2014-08-12",
	"uri":"https://www.ncbi.nlm.nih.gov/pmc/articles/PMC4108663",
	"dateSubmitted":2016,
	"creator":[
		{
		"Person":
		{"name":"Giri, Apurba, A"
	}
	},
	{
		"Person":
		{"name":"Rao, H G Ramachandra, HG"
	}
	},
	{
		"Person":
		{"name":"V, Ramesh, R"
	}
	}
	],
	"abstract":{"value":"Stevia is a natural sweetener obtained from the leaf of Stevia rebaudiana plant. Its refined extract powder is 130-300 times sweeter than sucrose. Besides, it prevents diabetes, decreases weight, prevents tooth decay, increases digestion etc. Dietetic kulfi was produced, in which 50, 60 and 70% sugar was replaced with 0.05, 0.06 and 0.07% refined stevia extract powder respectively. At higher levels of sugar replacement there was a significant decrease in specific gravity, melting rate, carbohydrate percentage and total calorie content and a significant increase in freezing point, hardness and fat, protein, ash and moisture percentage. Kulfi prepared by replacing half the sugar content with stevia was adjudged on par with the control in sensory characteristics. Above 50% sugar replacement resulted in bitterness, lack of brownish appearance and presence of icy texture."}
	,"source":{"resource":"https://www.ncbi.nlm.nih.gov/pubmed/"}}}
