{"resource": {
	"language":"eng",
	"title":{"value":"Passion fruit juice with different sweeteners: sensory profile by descriptive analysis and acceptance."},
	"pageStart":129,
	"volume":2,
	"doi":"10.1002/fsn3.195",
	"pageEnd":39,
	"about":"http://agris.fao.org/aos/records/PM25838891",
	"identifier":"PM25838891",
	"type":"Journal Article",
	"isPartOf":
		{"Journal":
		{"title":{"value":"Food science & nutrition"},
	"ISSN":{"value":"2048-7177"}
	}
	},
	"issued":"2015-04-03",
	"dateSubmitted":"forIndex",
	"uri":"https://www.ncbi.nlm.nih.gov/pmc/articles/PMC4376407",
	"creator":[
		{
		"Person":
		{"name":"Rocha, Izabela Furtado de Oliveira, IF"
	}
	},
	{
		"Person":
		{"name":"Bolini, Helena Maria André, HM"
	}
	}
	],
	"abstract":{"value":"This study evaluated the effect of different sweeteners on the sensory profile, acceptance, and drivers of preference of passion fruit juice samples sweetened with sucrose, aspartame, sucralose, stevia, cyclamate/saccharin blend 2:1, and neotame. Sensory profiling was performed by 12 trained assessors using quantitative descriptive analysis (QDA). Acceptance tests (appearance, aroma, flavor, texture and overall impression) were performed with 124 consumers of tropical fruit juice. Samples with sucrose, aspartame and sucralose showed similar sensory profile (P < 0.05), without bitter taste, bitter aftertaste, and metallic taste, and samples with sucrose and sucralose did not differ from each other for the attribute sweet aftertaste. Passion fruit flavor affected positively and sweet aftertaste affected negatively the acceptance of the samples. Samples sweetened with aspartame, sucralose, and sucrose presented higher acceptance scores for the attributes flavor, texture, and overall impression, with no significant (P < 0.05) differences between them. Aspartame and sucralose can be good substitutes for sucrose in passion fruit juice."}
	}}
