{"resource": {
	"language":"eng",
	"title":{"value":"Stevia-derived compounds attenuate the toxic effects of ectopic lipid accumulation in the liver of obese mice: a transcriptomic and metabolomic study."},
	"subject":[
		{"value":"Amino Acids"},
	{"value":"Animals"},
	{"value":"Bile Acids and Salts"},
	{"value":"Disease Models, Animal"},
	{"value":"Diterpenes, Kaurane"},
	{"value":"Fatty Liver"},
	{"value":"Glucose"},
	{"value":"Glucosides"},
	{"value":"Glutathione"},
	{"value":"Insulin Resistance"},
	{"value":"Lipid Metabolism"},
	{"value":"Liver"},
	{"value":"Male"},
	{"value":"Metabolomics"},
	{"value":"Mice"},
	{"value":"Mice, Obese"},
	{"value":"Obesity"},
	{"value":"Oxidative Stress"},
	{"value":"Peroxisome Proliferator-Activated Receptors"},
	{"value":"Plant Preparations"},
	{"value":"Stevia"},
	{"value":"Transcriptome"}
	],
	"pageStart":22,
	"pageEnd":33,
	"about":"https://www.ncbi.nlm.nih.gov/pubmed/PM25554529",
	"identifier":"PM25554529",
	"type":"Journal Article",
	"isPartOf":
		{"Journal":
		{"title":{"value":"Food and chemical toxicology : an international journal published for the British Industrial Biological Research Association"},
	"ISSN":{"value":"1873-6351"}
	}
	},
	"issued":"2015-02-17",
	"dateSubmitted":2016,
	"creator":[
		{
		"Person":
		{"name":"Holvoet, Paul, P"
	}
	},
	{
		"Person":
		{"name":"Rull, Anna, A"
	}
	},
	{
		"Person":
		{"name":"García-Heredia, Anabel, A"
	}
	},
	{
		"Person":
		{"name":"López-Sanromà, Sílvia, S"
	}
	},
	{
		"Person":
		{"name":"Geeraert, Benjamine, B"
	}
	},
	{
		"Person":
		{"name":"Joven, Jorge, J"
	}
	},
	{
		"Person":
		{"name":"Camps, Jordi, J"
	}
	}
	],
	"abstract":{"value":"There is a close interaction between Type 2 Diabetes, obesity and liver disease. We have studied the effects of the two most abundant Stevia-derived steviol glycosides, stevioside and rebaudioside A, and their aglycol derivative steviol on liver steatosis and the hepatic effects of lipotoxicity using a mouse model of obesity and insulin resistance. We treated ob/ob and LDLR-double deficient mice with stevioside (10 mg⋅kg(-1)⋅day-1 p.o., n = 8), rebaudioside A (12 mg⋅kg(-1)⋅day-1 p.o., n = 8), or steviol (5 mg⋅kg(-1)⋅day(-1) p.o., n = 8). We determined their effects on liver steatosis and on the metabolic effects of lipotoxicity by histological analysis, and by combined gene-expression and metabolomic analyses. All compounds attenuated hepatic steatosis. This could be explained by improved glucose metabolism, fat catabolism, bile acid metabolism, and lipid storage and transport. We identified PPARs as important regulators and observed differences in effects on insulin resistance, inflammation and oxidative stress between Stevia-derived compounds. We conclude that Stevia-derived compounds reduce hepatic steatosis to a similar extent, despite differences in effects on glucose and lipid metabolism, and inflammation and oxidative stress. Thus our data show that liver toxicity can be reduced through several pathophysiological changes. Further identification of active metabolites and underlying mechanisms are warranted."}
	,"source":{"resource":"https://www.ncbi.nlm.nih.gov/pubmed/"}}}
