{"resource": {
	"language":"eng",
	"title":{"value":"Antioxidant capacity of leaf extracts from two Stevia rebaudiana Bertoni varieties adapted to cultivation in Mexico."},
	"subject":[
		{"value":"Antioxidants"},
	{"value":"Benzothiazoles"},
	{"value":"Biphenyl Compounds"},
	{"value":"Bleaching Agents"},
	{"value":"Chelating Agents"},
	{"value":"Chlorophyll"},
	{"value":"Copper"},
	{"value":"Drug Evaluation, Preclinical"},
	{"value":"Flavonoids"},
	{"value":"Free Radical Scavengers"},
	{"value":"Humans"},
	{"value":"Iron"},
	{"value":"Mexico"},
	{"value":"Oxidation-Reduction"},
	{"value":"Phenols"},
	{"value":"Picrates"},
	{"value":"Pigments, Biological"},
	{"value":"Plant Extracts"},
	{"value":"Plant Leaves"},
	{"value":"Stevia"},
	{"value":"Sulfonic Acids"},
	{"value":"beta Carotene"}
	],
	"pageStart":1163,
	"volume":3,
	"pageEnd":70,
	"about":"https://www.ncbi.nlm.nih.gov/pubmed/PM25726208",
	"identifier":"PM25726208",
	"type":"Other",
	"isPartOf":
		{"Journal":
		{"title":{"value":"Nutrición hospitalaria"},
	"ISSN":{"value":"1699-5198"}
	}
	},
	"issued":"2015-03-02",
	"dateSubmitted":2016,
	"creator":[
		{
		"Person":
		{"name":"Ruiz Ruiz, Jorge Carlos, JC"
	}
	},
	{
		"Person":
		{"name":"Moguel Ordoñez, Yolanda Beatriz, YB"
	}
	},
	{
		"Person":
		{"name":"Matus Basto, Ángel, Á"
	}
	},
	{
		"Person":
		{"name":"Segura Campos, Maira Rubi, MR"
	}
	}
	],
	"abstract":{"value":"The recent introduction of the cultivation of Stevia rebaudiana Bertoni in Mexico has gained interest for its potential use as a non-caloric sweetener, but some other properties of this plant require studies. Extracts from two varieties of S. rebaudiana Bertoni adapted to cultivation in Mexico were screened for their content of some phytochemicals and antioxidant properties. Total pigments, total phenolic and flavonoids contents of the extracts ranged between 17.7-24.3 mg/g, 28.7-28.4 mg/g, and 39.3-36.7 mg/g, respectively. The variety \"Criolla\" exhibited higher contents of pigments and flavonoids. Trolox equivalent antioxidant capacity ranged between 618.5-623.7 mM/mg and DPPH decolorization assay ranged between 86.4-84.3%, no significant differences were observed between varieties. Inhibition of β-carotene bleaching ranged between 62.3-77.9%, with higher activity in the variety \"Criolla\". Reducing power ranged between 85.2-86% and the chelating activity ranged between 57.3-59.4% for Cu²⁺ and between 52.2-54.4% for Fe²⁺, no significant differences were observed between varieties. In conclusion, the results of this study showed that polar compounds obtained during the extraction like chlorophylls, carotenoids, phenolic compounds and flavonoids contribute to the antioxidative activity measured. The leaves of S. rebaudiana Bertoni could be used not only as a source of non-caloric sweeteners but also naturally occurring antioxidants."}
	,"source":{"resource":"https://www.ncbi.nlm.nih.gov/pubmed/"}}}
