{"resource": {
	"language":"eng",
	"title":{"value":"Structures of some novel α-glucosyl diterpene glycosides from the glycosylation of steviol glycosides."},
	"subject":[
		{"value":"Diterpenes"},
	{"value":"Glycosides"},
	{"value":"Glycosylation"},
	{"value":"Hydrolysis"},
	{"value":"Molecular Structure"},
	{"value":"Nuclear Magnetic Resonance, Biomolecular"},
	{"value":"Plant Extracts"},
	{"value":"Stevia"}
	],
	"pageStart":20280,
	"volume":12,
	"doi":"10.3390/molecules191220280",
	"pageEnd":94,
	"about":"http://agris.fao.org/aos/records/PM25486243",
	"identifier":"PM25486243",
	"type":"Journal Article",
	"isPartOf":
		{"Journal":
		{"title":{"value":"Molecules (Basel, Switzerland)"},
	"ISSN":{"value":"1420-3049"}
	}
	},
	"issued":"2014-12-09",
	"dateSubmitted":"forIndex",
	"creator":[
		{
		"Person":
		{"name":"Prakash, Indra, I"
	}
	},
	{
		"Person":
		{"name":"Chaturvedula, Venkata Sai Prakash, VS"
	}
	}
	],
	"abstract":{"value":"Four new minor diterpene glycosides with a rare α-glucosyl linkage were isolated from a cyclodextrin glycosyltransferase glucosylated stevia extract containing more than 98% steviol glycosides. The new compounds were identified as 13-[(2-O-β-D-glucopyranosyl-3-O-(4-O-α-D-glucopyranosyl)-β-D-glucopyranosyl-β-D-glucopyranosyl)oxy] ent-kaur-16-en-19-oic acid-[(4-O-α-D-glucopyranosyl-β-D-glucopyranosyl) ester] (1), 13-[(2-O-β-D-glucopyranosyl-β-D-glucopyranosyl)oxy] ent-kaur-16-en-19-oic acid-[(4-O-(4-O-(4-O-α-D-glucopyranosyl)-α-D-glucopyranosyl)-α-D-glucopyranosyl)-β-D-glucopyranosyl ester] (2), 13-[(2-O-β-D-glucopyranosyl-3-O-(4-O-(4-O-(4-O-α-D-glucopyranosyl)-α-D-glucopyranosyl)-α-D-glucopyranosyl)-β-D-glucopyranosyl-β-D-glucopyranosyl)oxy] ent-kaur-16-en-19-oic acid β-D-glucopyranosyl ester (3), and 13-[(2-O-β-D-glucopyranosyl-3-O-(4-O-(4-O-(4-O-α-D-glucopyranosyl)-α-D-glucopyranosyl)-α-D-glucopyranosyl)-β-D-glucopyranosyl- β-D-glucopyranosyl)oxy] ent-kaur-16-en-19-oic acid-[(4-O-α-D-glucopyranosyl-β-D-glucopyranosyl) ester] (4) on the basis of extensive NMR and mass spectral (MS) data as well as hydrolysis studies."}
	}}
