{"resource": {
	"language":"eng",
	"title":{"value":"Nutritional composition of Stevia rebaudiana, a sweet herb, and its hypoglycaemic and hypolipidaemic effect on patients with non-insulin dependent diabetes mellitus."},
	"pageStart":4231,
	"volume":12,
	"doi":"10.1002/jsfa.7627",
	"pageEnd":4,
	"about":"http://agris.fao.org/aos/records/PM26781312",
	"identifier":"PM26781312",
	"type":"Journal Article",
	"isPartOf":
		{"Journal":
		{"title":{"value":"Journal of the science of food and agriculture"},
	"ISSN":{"value":"1097-0010"}
	}
	},
	"issued":"2016-07-26",
	"dateSubmitted":"forIndex",
	"creator":[
		{
		"Person":
		{"name":"Ritu, Mathur, M"
	}
	},
	{
		"Person":
		{"name":"Nandini, Johri, J"
	}
	}
	],
	"abstract":[
		{"value":"The prevalence of diabetes is rapidly rising all over the globe at an alarming rate. India shelters the highest number of diabetics and is thus known as the 'Diabetes Capital of the World'. The chemical management of diabetes has side effects and hence the present study was undertaken to assess the hypoglycaemic and hypolipidaemic effect of Stevia rebaudiana in patients with type 2 diabetes, non-insulin dependent diabetes mellitus (NIDDM). Its nutritional composition and use as a sweetener substitute were also assessed."},
	{"value":"Chemical analysis of dried Stevia leaf powder revealed it to be a nutritious herb with a good iron and fibre content. Intervention trials in diabetics revealed that it significantly lowered fasting and post-prandial blood glucose levels. The serum triglycerides and VLDL-C levels were also significantly reduced."},
	{"value":"Hence it can be said that Stevia can safely be used as an anti-diabetic herb, as a sweetener substitute and may help to prevent cardiovascular diseases in patients with long-standing diabetes. © 2016 Society of Chemical Industry."}
	]
	}}
