{"resource": {
	"language":"eng",
	"title":{"value":"Influence of high intensity sweeteners and sugar alcohols on a beverage microemulsion."},
	"pageStart":105,
	"doi":"10.1016/j.jcis.2015.08.036",
	"pageEnd":12,
	"about":"http://agris.fao.org/aos/records/PM26319326",
	"identifier":"PM26319326",
	"type":"Journal Article",
	"isPartOf":
		{"Journal":
		{"title":{"value":"Journal of colloid and interface science"},
	"ISSN":{"value":"1095-7103"}
	}
	},
	"issued":"2015-10-03",
	"dateSubmitted":"forIndex",
	"creator":[
		{
		"Person":
		{"name":"Marcus, Julien, J"
	}
	},
	{
		"Person":
		{"name":"Wolfrum, Stefan, S"
	}
	},
	{
		"Person":
		{"name":"Touraud, Didier, D"
	}
	},
	{
		"Person":
		{"name":"Kunz, Werner, W"
	}
	}
	],
	"abstract":{"value":"The present paper shows the effects of added sugars and sweeteners on the clearing temperature of a highly water dilutable fatty acid salt microemulsion used as a model of a beverage concentrate. There is a twofold interest in this work. The first one is practical and relates to the fact that many fatty acid salt surfactants can be used in food without major regulatory restrictions. As is shown here, they allow making highly stable microemulsions even at neutral and acidic pH. The second one is more of scientific interest. The model system can be used to study the effect of sugars and sweeteners on the formulation stability depending on their charges, amphiphilic properties, and localization in the microemulsion interfacial film. An important practical result is the discovery of the possibility to formulate highly dilutable microemulsions at neutral or slightly acid pH with a good taste in presence of sucralose. Further, a significant decrease of the pKA of the fatty acid is observed in presence of stevia, thus allowing transparent, fairly stable systems at neutral pH."}
	}}
