{"resource": {
	"language":"eng",
	"title":{"value":"A New Diterpene Glycoside: 15α-Hydroxy-Rebaudioside M Isolated from Stevia rebaudiana."},
	"subject":[
		{"value":"Diterpenes"},
	{"value":"Glycosides"},
	{"value":"Stevia"}
	],
	"pageStart":1159,
	"volume":7,
	"pageEnd":61,
	"about":"http://agris.fao.org/aos/records/PM26410999",
	"identifier":"PM26410999",
	"type":"Journal Article",
	"isPartOf":
		{"Journal":
		{"title":{"value":"Natural product communications"},
	"ISSN":{"value":"1934-578X"}
	}
	},
	"issued":"2015-09-28",
	"dateSubmitted":"forIndex",
	"creator":[
		{
		"Person":
		{"name":"Prakash, Indra, I"
	}
	},
	{
		"Person":
		{"name":"Ma, Gil, G"
	}
	},
	{
		"Person":
		{"name":"Bunders, Cynthia, C"
	}
	},
	{
		"Person":
		{"name":"Devkota, Krishna P, KP"
	}
	},
	{
		"Person":
		{"name":"Charan, Romila D, RD"
	}
	},
	{
		"Person":
		{"name":"Ramirez, Catherine, C"
	}
	},
	{
		"Person":
		{"name":"Snyder, Tara M, TM"
	}
	},
	{
		"Person":
		{"name":"Priedemann, Christopher, C"
	}
	}
	],
	"abstract":{"value":"In a continued search for novel diterpenoid glycosides, we recently isolated and characterized a Rebaudioside M derivative with a hydroxyl group at position 15 in the central diterpene core from an extract of Stevia rebaudiana Bertoni. Here we report the complete structure elucidation of 15α-hydroxy-Rebaudioside M (2) on the basis of NMR (1H, 13C, COSY, HSQC-DEPT, HMBC, 1D TOCSY, NOESY) and mass spectral data. Steviol glycoside with a hydroxyl group at C-15 in the central diterpene core has not been previously reported."}
	}}
