{"resource": {
	"language":"eng",
	"title":{"value":"Sucrose-replacement by rebaudioside a in a model beverage."},
	"pageStart":6031,
	"volume":9,
	"pageEnd":6,
	"about":"http://agris.fao.org/aos/records/PM26345024",
	"identifier":"PM26345024",
	"type":"Journal Article",
	"isPartOf":
		{"Journal":
		{"title":{"value":"Journal of food science and technology"},
	"ISSN":{"value":"0022-1155"}
	}
	},
	"issued":"2015-09-08",
	"uri":"https://www.ncbi.nlm.nih.gov/pmc/articles/PMC4554609",
	"dateSubmitted":2016,
	"creator":[
		{
		"Person":
		{"name":"Majchrzak, Dorota, D"
	}
	},
	{
		"Person":
		{"name":"Ipsen, Annika, A"
	}
	},
	{
		"Person":
		{"name":"Koenig, Juergen, J"
	}
	}
	],
	"abstract":{"value":"Rebaudioside A (RA), a component of Stevia rebaudiana, is a non-caloric sweetener of natural origin, suitable to meet consumers' demand for sweet taste, but undesirable flavors were reported at high concentrations. Aim of this study was to create a model beverage (ice-tea) in which sucrose was replaced increasingly by RA to identify optimal sensory profile for consumer acceptance. Samples with 20 % and 40 % sucrose replacement by RA, respectively, showed very similar sensory profiles but were significantly higher in some flavor attributes, such as artificial sweetness, licorice-like and metallic, as well as in sweet and bitter aftertaste (p < 0.05) compared to the reference ice-tea. In both hedonic tests, preference and acceptance samples with RA have been judged as comparable to the reference despite perception of some undesirable notes. In view of the results of our study it can be stated that a replacement of 20 % or 40 % sucrose by RA in an ice-tea is achievable."}
	}}
