{"resource": {
	"language":"fre",
	"title":{"value":"[A \"natural\" sweetener in the spotlight]."},
	"subject":[
		{"value":"Agriculture"},
	{"value":"Food Handling"},
	{"value":"Food Quality"},
	{"value":"Food Safety"},
	{"value":"Stevia"},
	{"value":"Sweetening Agents"},
	{"value":"Switzerland"}
	],
	"pageStart":70,
	"volume":11,
	"pageEnd":1,
	"about":"http://agris.fao.org/aos/records/PM26677661",
	"identifier":"PM26677661",
	"type":"Journal Article",
	"isPartOf":
		{"Journal":
		{"title":{"value":"Krankenpflege. Soins infirmiers"},
	"ISSN":{"value":"0253-0465"}
	}
	},
	"issued":"2015-12-18",
	"dateSubmitted":2016,
	"creator":
		{"Person":
		{"name":"Roux, Anne, A"
	}
	}
	}}
