{"resource": {
	"language":"dut",
	"title":{"value":"[Stevia in the fight against dental caries]."},
	"pageStart":51,
	"volume":1,
	"pageEnd":5,
	"about":"http://agris.fao.org/aos/records/PM26192983",
	"identifier":"PM26192983",
	"type":"Other",
	"isPartOf":
		{"Journal":
		{"title":{"value":"Nederlands tijdschrift voor tandheelkunde"},
	"ISSN":{"value":"0028-2200"}
	}
	},
	"issued":"2015-07-21",
	"dateSubmitted":2016,
	"creator":[
		{
		"Person":
		{"name":"Ma, M S, MS"
	}
	},
	{
		"Person":
		{"name":"Blanksma, N G, NG"
	}
	}
	],
	"abstract":{"value":"Stevia is a natural, non-caloric sweetener of plant origin. The sweetening power of stevia is several hundred times larger than that of table sugar (sucrose). On the basis of available research, the European Food Safety Authority concluded that stevia is safe for human consumption. Since then, stevia has been approved as a sweetener for the European market. As a substitute for sucrose, stevia can contribute to a reduced caloric intake and can play a role in the prevention and/or treatment of metabolic disorders. In addition, stevia is non-cariogenic and is, moreover, affordable. Promoting the consumption of stevia can therefore be a preventive means of fighting dental caries."}
	}}
