{"resource": {
	"language":"eng",
	"title":{"value":"Review of the nutritional benefits and risks related to intense sweeteners."},
	"pageStart":41,
	"doi":"10.1186/s13690-015-0092-x",
	"about":"http://agris.fao.org/aos/records/PM26430511",
	"identifier":"PM26430511",
	"type":"Journal Article",
	"isPartOf":
		{"Journal":
		{"title":{"value":"Archives of public health = Archives belges de santé publique"},
	"ISSN":{"value":"0778-7367"}
	}
	},
	"issued":"2015-10-02",
	"dateSubmitted":"forIndex",
	"uri":"https://www.ncbi.nlm.nih.gov/pmc/articles/PMC4590273",
	"creator":[
		{
		"Person":
		{"name":"Olivier, Bruyère, B"
	}
	},
	{
		"Person":
		{"name":"Serge, Ahmed H, AH"
	}
	},
	{
		"Person":
		{"name":"Catherine, Atlan, A"
	}
	},
	{
		"Person":
		{"name":"Jacques, Belegaud, B"
	}
	},
	{
		"Person":
		{"name":"Murielle, Bortolotti, B"
	}
	},
	{
		"Person":
		{"name":"Marie-Chantal, Canivenc-Lavier, CL"
	}
	},
	{
		"Person":
		{"name":"Sybil, Charrière, C"
	}
	},
	{
		"Person":
		{"name":"Jean-Philippe, Girardet, G"
	}
	},
	{
		"Person":
		{"name":"Sabine, Houdart, H"
	}
	},
	{
		"Person":
		{"name":"Esther, Kalonji, K"
	}
	},
	{
		"Person":
		{"name":"Perrine, Nadaud, N"
	}
	},
	{
		"Person":
		{"name":"Fabienne, Rajas, R"
	}
	},
	{
		"Person":
		{"name":"Gérard, Slama, S"
	}
	},
	{
		"Person":
		{"name":"Irène, Margaritis, M"
	}
	}
	],
	"abstract":[
		{"value":"The intense sweeteners currently authorised in Europe comprise ten compounds of various chemical natures. Their overall use has sharply risen in the last 20 years. These compounds are mainly used to formulate reduced-calorie products while maintaining sweetness."},
	{"value":"This extensive analysis of the literature reviews the data currently available on the potential nutritional benefits and risks related to the consumption of products containing intense sweeteners."},
	{"value":"Regarding nutritional benefits, the available studies, while numerous, do not provide proof that the consumption of artificial sweeteners as sugar substitutes is beneficial in terms of weight management, blood glucose regulation in diabetic subjects or the incidence of type 2 diabetes. Regarding nutritional risks (incidence of type 2 diabetes, habituation to sweetness in adults, cancers, etc.), it is not possible based on the available data to establish a link between the occurrence of these risks and the consumption of artificial sweeteners. However, some studies underline the need to improve knowledge of the links between intense sweeteners consumption and certain risks."}
	]
	}}
