{"resource": {
	"language":"eng",
	"title":{"value":"Chocolate Milk with Chia Oil: Ideal Sweetness, Sweeteners Equivalence, and Dynamic Sensory Evaluation Using a Time-Intensity Methodology."},
	"subject":[
		{"value":"Animals"},
	{"value":"Aspartame"},
	{"value":"Cacao"},
	{"value":"Dietary Sucrose"},
	{"value":"Dipeptides"},
	{"value":"Diterpenes, Kaurane"},
	{"value":"Flavoring Agents"},
	{"value":"Food Handling"},
	{"value":"Glucosides"},
	{"value":"Humans"},
	{"value":"Milk"},
	{"value":"Plant Oils"},
	{"value":"Salvia"},
	{"value":"Stevia"},
	{"value":"Sucrose"},
	{"value":"Sweetening Agents"},
	{"value":"Taste"}
	],
	"pageStart":"S2944",
	"volume":12,
	"doi":"10.1111/1750-3841.13120",
	"pageEnd":9,
	"about":"http://agris.fao.org/aos/records/PM26523944",
	"identifier":"PM26523944",
	"type":"Journal Article",
	"isPartOf":
		{"Journal":
		{"title":{"value":"Journal of food science"},
	"ISSN":{"value":"1750-3841"}
	}
	},
	"issued":"2016-01-15",
	"dateSubmitted":"forIndex",
	"creator":[
		{
		"Person":
		{"name":"Rodrigues, J B, JB"
	}
	},
	{
		"Person":
		{"name":"Paixão, J A, JA"
	}
	},
	{
		"Person":
		{"name":"Cruz, A G, AG"
	}
	},
	{
		"Person":
		{"name":"Bolini, H M A, HM"
	}
	}
	],
	"abstract":{"value":"The ideal sucrose concentration and equivalent concentrations of the stevia, sucralose, aspartame, and neotame in chocolate milk with chia oil as well as the dynamic behavior of certain sensory attributes were investigated using a time-intensity methodology. The use of just-about-right (JAR) identified an ideal sucrose concentration of 9% (w/w). In addition, the magnitude estimation method showed that stevia had the lowest sweetness power whereas neotame presented the highest. Furthermore, the time-intensity analysis indicated that there was no significant change between the maximum intensities of the sweetness for any evaluated sweeteners. In general, the desired sensory profile and some economic considerations are decisive on the choice of which sweetener is better to be used in chocolate milk formulation added with chia oil."}
	}}
