{"resource": {
	"language":"eng",
	"title":{"value":"Efficient enzymatic production of rebaudioside A from stevioside."},
	"subject":[
		{"value":"Cloning, Molecular"},
	{"value":"Diterpenes, Kaurane"},
	{"value":"Escherichia coli"},
	{"value":"Food Technology"},
	{"value":"Gene Expression"},
	{"value":"Glucosides"},
	{"value":"Glucosyltransferases"},
	{"value":"Humans"},
	{"value":"Plant Leaves"},
	{"value":"Plasmids"},
	{"value":"Recombinant Proteins"},
	{"value":"Saccharomyces cerevisiae"},
	{"value":"Stevia"},
	{"value":"Sucrose"},
	{"value":"Sweetening Agents"},
	{"value":"Taste Perception"},
	{"value":"Uridine Diphosphate"},
	{"value":"Uridine Diphosphate Glucose"}
	],
	"pageStart":67,
	"volume":1,
	"doi":"10.1080/09168451.2015.1072457",
	"pageEnd":73,
	"about":"http://agris.fao.org/aos/records/PM26264414",
	"identifier":"PM26264414",
	"type":"Journal Article",
	"isPartOf":
		{"Journal":
		{"title":{"value":"Bioscience, biotechnology, and biochemistry"},
	"ISSN":{"value":"1347-6947"}
	}
	},
	"issued":"2015-11-28",
	"dateSubmitted":"forIndex",
	"creator":[
		{
		"Person":
		{"name":"Wang, Yu, Y"
	}
	},
	{
		"Person":
		{"name":"Chen, Liangliang, L"
	}
	},
	{
		"Person":
		{"name":"Li, Yan, Y"
	}
	},
	{
		"Person":
		{"name":"Li, Yangyang, Y"
	}
	},
	{
		"Person":
		{"name":"Yan, Ming, M"
	}
	},
	{
		"Person":
		{"name":"Chen, Kequan, K"
	}
	},
	{
		"Person":
		{"name":"Hao, Ning, N"
	}
	},
	{
		"Person":
		{"name":"Xu, Lin, L"
	}
	}
	],
	"abstract":{"value":"Stevioside and rebaudioside A are the chief diterpene glycosides present in the leaves of Stevia rebaudiana. Rebaudioside A imparts a desirable sweet taste, while stevioside produces a residual bitter aftertaste. Enzymatic synthesis of rebaudioside A from stevioside can increase the ratio of rebaudioside A to stevioside in steviol glycoside products, providing a conceivable strategy to improve the organoleptic properties of steviol glycoside products. Here, we demonstrate the efficient conversion of stevioside to rebaudioside A by coupling the activities of recombinant UDP-glucosyltransferase UGT76G1 from S. rebaudiana and sucrose synthase AtSUS1 from Arabidopsis thaliana. The conversion occurred via regeneration of UDP-glucose by AtSUS1. UDP was applicable as the initial material instead of UDP-glucose for UDP-glucose recycling. The amount of UDP could be greatly reduced in the reaction mixture. Rebaudioside A yield in 30 h with 2.4 mM stevioside, 7.2 mM sucrose, and 0.006 mM UDP was 78%."}
	}}
