{"resource": {
	"issued":"2016-08-26",
	"dateSubmitted":"forIndex",
	"language":"eng",
	"title":{"value":"Correction to Rebaudiosides R and S, Minor Diterpene Glycosides from the Leaves of Stevia rebaudiana."},
	"creator":[
		{
		"Person":
		{"name":"Ibrahim, Mohamed A, MA"
	}
	},
	{
		"Person":
		{"name":"Rodenburg, Douglas L, DL"
	}
	},
	{
		"Person":
		{"name":"Alves, Kamilla, K"
	}
	},
	{
		"Person":
		{"name":"Perera, Wilmer H, WH"
	}
	},
	{
		"Person":
		{"name":"Fronczek, Frank R, FR"
	}
	},
	{
		"Person":
		{"name":"Bowling, John, J"
	}
	},
	{
		"Person":
		{"name":"McChesney, James D, JD"
	}
	}
	],
	"pageStart":2148,
	"volume":8,
	"doi":"10.1021/acs.jnatprod.6b00615",
	"about":"http://agris.fao.org/aos/records/PM27428112",
	"identifier":"PM27428112",
	"type":"Journal Article",
	"isPartOf":
		{"Journal":
		{"title":{"value":"Journal of natural products"},
	"ISSN":{"value":"1520-6025"}
	}
	}
	}}
