{"resource": {
	"language":"ENG",
	"title":{"value":"Production of steviol from steviol glucosides using β-glycosidase from Sulfolobus solfataricus."},
	"pageStart":157,
	"doi":"10.1016/j.enzmictec.2016.08.013",
	"pageEnd":165,
	"about":"http://agris.fao.org/aos/records/PM27702476",
	"identifier":"PM27702476",
	"type":"Journal Article",
	"isPartOf":
		{"Journal":
		{"title":{"value":"Enzyme and microbial technology"},
	"ISSN":{"value":"1879-0909"}
	}
	},
	"issued":"2016-10-5",
	"dateSubmitted":"forIndex",
	"creator":[
		{
		"Person":
		{"name":"Nguyen, Thi Thanh Hanh, TT"
	}
	},
	{
		"Person":
		{"name":"Kim, Seong-Bo, SB"
	}
	},
	{
		"Person":
		{"name":"Kim, Nahyun M, NM"
	}
	},
	{
		"Person":
		{"name":"Kang, Choongil, C"
	}
	},
	{
		"Person":
		{"name":"Chung, Byoungsang, B"
	}
	},
	{
		"Person":
		{"name":"Park, Jun-Seong, JS"
	}
	},
	{
		"Person":
		{"name":"Kim, Doman, D"
	}
	}
	],
	"abstract":{"value":"Steviol is a diterpene isolated from the plant Stevia rebaudiana that has a potential role as an antihyperglycemic agent by stimulating insulin secretion from pancreatic beta cells and also has significant potential to diminish the renal clearance of anionic drugs and their metabolites. In this study, the lacS gene, which encodes a thermostable β-glycosidase (SSbgly) enzyme from the extremely thermoacidophillic archaeon Sulfolobus solfataricus, was cloned and expressed in E. coli Rossetta BL21(DE3)pLyS using lactose as an inducer. Through fermentation, SSbgly was expressed as a 61kDa protein with activity of 24.3U/mg and the OD600 of 23 was reached after 18h induction with 10mM lactose. Purified protein was obtained by Ni-Sepharose chromatography with a yield of 92.3%. SSbgly hydrolyzed steviol glycosides to produce steviol with a yield of 99.2%. The optimum conditions for steviol production were 50U/ml SSbgly and 90mg/ml Ste at 75°C as determined by the response surface method."}
	}}
