{"resource": {
	"issued":"2016-4-27",
	"dateSubmitted":"forIndex",
	"language":"ENG",
	"title":{"value":"Sensory profile and acceptability for pitanga (Eugenia uniflora L.) nectar with different sweeteners."},
	"creator":[
		{
		"Person":
		{"name":"Freitas, Mírian Luisa Faria, ML"
	}
	},
	{
		"Person":
		{"name":"Dutra, Mariana Borges de Lima, MB"
	}
	},
	{
		"Person":
		{"name":"Bolini, Helena Maria André, HM"
	}
	}
	],
	"doi":"10.1177/1082013215607077",
	"about":"http://agris.fao.org/aos/records/PM27118767",
	"identifier":"PM27118767",
	"type":"Journal Article",
	"abstract":{"value":"The objective of this study was to evaluate the sensory properties and acceptability of pitanga nectar samples prepared with sucrose and different sweeteners (sucralose, aspartame, stevia with 40% rebaudioside A, stevia with 95% rebaudioside A, neotame, and a 2:1 cyclamate/saccharin blend). A total of 13 assessors participated in a quantitative descriptive analysis and evaluated the samples in relation to the descriptor terms. The acceptability test was carried out by 120 fruit juice consumers. The results of the quantitative descriptive analysis of pitanga nectar showed that samples prepared with sucralose, aspartame, and the 2:1 cyclamate/saccharin blend had sensory profiles similar to that of the sample prepared with sucrose. Consumers' most accepted samples were prepared with sucrose, sucralose, aspartame, and neotame. The sweeteners that have the greatest potential to replace sucrose in pitanga nectar are sucralose and aspartame."},
	"isPartOf":
		{"Journal":
		{"title":{"value":"Food science and technology international = Ciencia y tecnologia de los alimentos internacional"},
	"ISSN":{"value":"1532-1738"}
	}
	}
	}}
