{"resource": {
	"language":"eng",
	"title":{"value":"Development and application of a quantitative method based on LC-QqQ MS/MS for determination of steviol glycosides in Stevia leaves."},
	"pageStart":263,
	"pageEnd":9,
	"about":"https://www.ncbi.nlm.nih.gov/pubmed/PM27154673",
	"identifier":"PM27154673",
	"type":"Journal Article",
	"isPartOf":
		{"Journal":
		{"title":{"value":"Talanta"},
	"ISSN":{"value":"1873-3573"}
	}
	},
	"issued":"2016-05-07",
	"dateSubmitted":2016,
	"creator":[
		{
		"Person":
		{"name":"Molina-Calle, M, M"
	}
	},
	{
		"Person":
		{"name":"Sánchez de Medina, V, V"
	}
	},
	{
		"Person":
		{"name":"Delgado de la Torre, M P, MP"
	}
	},
	{
		"Person":
		{"name":"Priego-Capote, F, F"
	}
	},
	{
		"Person":
		{"name":"Luque de Castro, M D, MD"
	}
	}
	],
	"abstract":{"value":"Stevia is a currently well-known plant thanks to the presence of steviol glycosides, which are considered as sweeteners obtained from a natural source. In this research, a method based on LC-MS/MS by using a triple quadrupole detector was developed for quantitation of 8 steviol glycosides in extracts from Stevia leaves. The ionization and fragmentation parameters for selected reaction monitoring were optimized. Detection and quantitation limits ranging from 0.1 to 0.5ng/mL and from 0.5 to 1ng/mL, respectively, were achieved: the lowest attained so far. The steviol glycosides were quantified in extracts from leaves of seven varieties of Stevia cultivated in laboratory, greenhouse and field. Plants cultivated in field presented higher concentration of steviol glycosides than those cultivated in greenhouse. Thus, the way of cultivation clearly influences the concentration of these compounds. The inclusion of branches together with leaves as raw material was also evaluated, showing that this inclusion modifies, either positively or negatively, the concentration of steviol glycosides."}
	,"source":{"resource":"https://www.ncbi.nlm.nih.gov/pubmed/"}}}
