{"resource": {
	"language":"eng",
	"title":{"value":"Micropropagation and Biomass Production of True-to-Type Stevia rebaudiana Bertoni."},
	"pageStart":113,
	"doi":"10.1007/978-1-4939-3332-7_8",
	"pageEnd":23,
	"about":"http://agris.fao.org/aos/records/PM27108313",
	"identifier":"PM27108313",
	"type":"Journal Article",
	"isPartOf":
		{"Journal":
		{"title":{"value":"Methods in molecular biology (Clifton, N.J.)"},
	"ISSN":{"value":"1940-6029"}
	}
	},
	"issued":"2016-04-25",
	"dateSubmitted":"forIndex",
	"creator":[
		{
		"Person":
		{"name":"Modi, Arpan R, AR"
	}
	},
	{
		"Person":
		{"name":"Sharma, Vikas, V"
	}
	},
	{
		"Person":
		{"name":"Patil, Ghanshyam, G"
	}
	},
	{
		"Person":
		{"name":"Singh, Amritpal S, AS"
	}
	},
	{
		"Person":
		{"name":"Subhash, N, N"
	}
	},
	{
		"Person":
		{"name":"Kumar, Nitish, N"
	}
	}
	],
	"abstract":{"value":"Here we describe an efficient micropropagation protocol for Stevia rebaudiana Bertoni. We present experiments carried out to optimize the suitable media for in vitro shoot multiplication and root induction and to study the effect of culture vessel on shoot multiplication. Among all different media tested for in vitro shoot multiplication, hormone-free liquid medium is most suitable. The highest number of nodes per shoot (5.4) and length of shoot (4.76 cm) at 4 weeks after subculturing are observed when single node explants are placed on modified MS medium supplemented with 1 % sucrose and 0.7 % agar. The highest response of multiplication rate (9.56) is observed on half strength of macroelement of MS with full strength of microelement of MS and 170 mg/l KH2PO4, and 185 mg/l MgSO4 in plastic growth container. Further, RAPD marker analysis of in vitro-raised plants maintained their clonal fidelity and true-to-type without showing any somaclonal variation."}
	}}
