{"resource": {
	"language":"por",
	"title":{"value":"[Effect of Stevia rebaudiana in Biomphalaria glabrata]."},
	"subject":[
		{"value":"Animals"},
	{"value":"Biomphalaria"},
	{"value":"Diterpenes"},
	{"value":"Diterpenes, Kaurane"},
	{"value":"Glucosides"},
	{"value":"Glycosides"},
	{"value":"Plants, Medicinal"},
	{"value":"Terpenes"}
	],
	"pageStart":555,
	"volume":3,
	"pageEnd":62,
	"about":"https://www.ncbi.nlm.nih.gov/pubmed/PM3575816",
	"identifier":"PM3575816",
	"type":"Other",
	"isPartOf":
		{"Journal":
		{"title":{"value":"Revista brasileira de biologia"},
	"ISSN":{"value":"0034-7108"}
	}
	},
	"issued":"1987-06-09",
	"dateSubmitted":2016,
	"creator":[
		{
		"Person":
		{"name":"Kawano, T, T"
	}
	},
	{
		"Person":
		{"name":"Simões, L C, LC"
	}
	}
	]
	,"source":{"resource":"https://www.ncbi.nlm.nih.gov/pubmed/"}}}
