{"resource": {
	"language":"eng",
	"title":{"value":"Effect of Stevia rebaudiana on glucose tolerance in normal adult humans."},
	"subject":[
		{"value":"Adult"},
	{"value":"Arabinose"},
	{"value":"Blood Glucose"},
	{"value":"Glucose Tolerance Test"},
	{"value":"Humans"},
	{"value":"Plant Extracts"}
	],
	"pageStart":771,
	"volume":6,
	"pageEnd":4,
	"about":"https://www.ncbi.nlm.nih.gov/pubmed/PM3651629",
	"identifier":"PM3651629",
	"type":"Other",
	"isPartOf":
		{"Journal":
		{"title":{"value":"Brazilian journal of medical and biological research = Revista brasileira de pesquisas médicas e biológicas / Sociedade Brasileira de Biofísica ... [et al.]"},
	"ISSN":{"value":"0100-879X"}
	}
	},
	"issued":"1987-11-12",
	"dateSubmitted":2016,
	"creator":[
		{
		"Person":
		{"name":"Curi, R, R"
	}
	},
	{
		"Person":
		{"name":"Alvarez, M, M"
	}
	},
	{
		"Person":
		{"name":"Bazotte, R B, RB"
	}
	},
	{
		"Person":
		{"name":"Botion, L M, LM"
	}
	},
	{
		"Person":
		{"name":"Godoy, J L, JL"
	}
	},
	{
		"Person":
		{"name":"Bracht, A, A"
	}
	}
	],
	"abstract":{"value":"The effect of aqueous extracts of Stevia rebaudiana leaves on a glucose tolerance test was investigated in 16 normal volunteers. Aqueous extracts of 5 grams of leaves were administered to volunteers at regular 6-h intervals for 3 days. Glucose tolerance tests were performed before and after extract administration. A second group of 6 normal volunteers who ingested an aqueous arabinose solution was also studied to eliminate possible stress effects. The extract of Stevia rebaudiana increased glucose tolerance. The extract significantly decreased plasma glucose levels during the test and after overnight fasting in all volunteers."}
	,"source":{"resource":"https://www.ncbi.nlm.nih.gov/pubmed/"}}}
