{"resource": {
	"language":"eng",
	"title":{"value":"Effect of steviol and its structural analogues on glucose production and oxygen uptake in rat renal tubules."},
	"subject":[
		{"value":"Animals"},
	{"value":"Chemical Phenomena"},
	{"value":"Chemistry"},
	{"value":"Diterpenes"},
	{"value":"Diterpenes, Kaurane"},
	{"value":"Gluconeogenesis"},
	{"value":"Glucosides"},
	{"value":"Kidney Tubules"},
	{"value":"Male"},
	{"value":"Oxygen Consumption"},
	{"value":"Rats"},
	{"value":"Rats, Inbred Strains"},
	{"value":"Structure-Activity Relationship"},
	{"value":"Terpenes"}
	],
	"pageStart":55,
	"volume":1,
	"pageEnd":7,
	"about":"http://agris.fao.org/aos/records/PM3838156",
	"identifier":"PM3838156",
	"type":"Journal Article",
	"isPartOf":
		{"Journal":
		{"title":{"value":"Experientia"},
	"ISSN":{"value":"0014-4754"}
	}
	},
	"issued":"1985-03-20",
	"dateSubmitted":2016,
	"creator":[
		{
		"Person":
		{"name":"Yamamoto, N S, NS"
	}
	},
	{
		"Person":
		{"name":"Kelmer Bracht, A M, AM"
	}
	},
	{
		"Person":
		{"name":"Ishii, E L, EL"
	}
	},
	{
		"Person":
		{"name":"Kemmelmeier, F S, FS"
	}
	},
	{
		"Person":
		{"name":"Alvarez, M, M"
	}
	},
	{
		"Person":
		{"name":"Bracht, A, A"
	}
	}
	],
	"abstract":{"value":"The effect of several natural products of Stevia rebaudiana on glucose production and oxygen uptake in rat renal cortical tubules was investigated. Steviol, isosteviol and glucosilsteviol decreased glucose production and inhibited oxygen uptake. The sweet principle stevioside, and steviolbioside, however, were without effect on gluconeogenesis and oxygen uptake."}
	}}
