{"resource": {
	"language":"eng",
	"title":{"value":"A phytochemical screening procedure for sweet ent-kaurene glycosides in the genus Stevia."},
	"subject":[
		{"value":"Chemical Phenomena"},
	{"value":"Chemistry"},
	{"value":"Chromatography, High Pressure Liquid"},
	{"value":"Chromatography, Thin Layer"},
	{"value":"Diterpenes"},
	{"value":"Diterpenes, Kaurane"},
	{"value":"Glucosides"},
	{"value":"Glycosides"},
	{"value":"Plant Extracts"},
	{"value":"Plants"},
	{"value":"Sweetening Agents"},
	{"value":"Terpenes"}
	],
	"pageStart":439,
	"volume":3,
	"pageEnd":44,
	"about":"http://agris.fao.org/aos/records/PM6481357",
	"identifier":"PM6481357",
	"type":"Journal Article",
	"isPartOf":
		{"Journal":
		{"title":{"value":"Journal of natural products"},
	"ISSN":{"value":"0163-3864"}
	}
	},
	"issued":"1984-11-02",
	"dateSubmitted":"forIndex",
	"creator":[
		{
		"Person":
		{"name":"Kinghorn, A D, AD"
	}
	},
	{
		"Person":
		{"name":"Soejarto, D D, DD"
	}
	},
	{
		"Person":
		{"name":"Nanayakkara, N P, NP"
	}
	},
	{
		"Person":
		{"name":"Compadre, C M, CM"
	}
	},
	{
		"Person":
		{"name":"Makapugay, H C, HC"
	}
	},
	{
		"Person":
		{"name":"Hovanec-Brown, J M, JM"
	}
	},
	{
		"Person":
		{"name":"Medon, P J, PJ"
	}
	},
	{
		"Person":
		{"name":"Kamath, S K, SK"
	}
	}
	],
	"abstract":{"value":"Altogether, 110 species of the genus Stevia, comprising both herbarium and fresh leaf samples, were screened for the presence of sweet ent-kaurene glycosides, using a combination of tlc and hplc, followed by gc/ms. Stevioside and rebaudiosides A and C were detected in a Stevia rebaudiana herbarium specimen collected in Paraguay in 1919, and stevioside was observed as a constituent of a Stevia phlebophylla herbarium specimen collected in Mexico in 1889. Steviol glycosides were not detected in any of the other 108 Stevia species studied. The phytochemical results obtained in this study are correlated with those of preliminary organoleptic tests on the sweetness of these Stevia samples, and the chemotaxonomic implications of the present findings are discussed."}
	}}
