{"resource": {
	"language":"eng",
	"title":{"value":"Stevioside is not metabolized in the isolated perfused rat liver."},
	"subject":[
		{"value":"Acetaminophen"},
	{"value":"Albumins"},
	{"value":"Animals"},
	{"value":"Chromatography, Thin Layer"},
	{"value":"Diterpenes"},
	{"value":"Diterpenes, Kaurane"},
	{"value":"Glucosides"},
	{"value":"Hydrolysis"},
	{"value":"Liver"},
	{"value":"Male"},
	{"value":"Perfusion"},
	{"value":"Rats"},
	{"value":"Rats, Wistar"},
	{"value":"Sweetening Agents"},
	{"value":"Terpenes"}
	],
	"pageStart":167,
	"volume":2,
	"pageEnd":75,
	"about":"http://agris.fao.org/aos/records/PM7749654",
	"identifier":"PM7749654",
	"type":"Journal Article",
	"isPartOf":
		{"Journal":
		{"title":{"value":"Research communications in molecular pathology and pharmacology"},
	"ISSN":{"value":"1078-0297"}
	}
	},
	"issued":"1995-06-22",
	"dateSubmitted":2016,
	"creator":[
		{
		"Person":
		{"name":"Ishii-Iwamoto, E L, EL"
	}
	},
	{
		"Person":
		{"name":"Bracht, A, A"
	}
	}
	],
	"abstract":{"value":"Stevioside, the sweet glycoside of Stevia rebaudiana, was perfused in to rat livers in order to see if, according to previous suggestions, the hepatic tissue is able to metabolize this compound. Stevioside, at the concentrations of 0.2 and 0.5 mM, was recirculated during two hours. The concentration of stevioside remained constant during the whole perfusion time. The possible formation of hydrolysis products, especially steviol, was investigated chromatographically, with negative results. It can be concluded that the reported metabolic transformation of intravenously injected [131I]iodine-stevioside is either a specific characteristic of this derivative or depends on factors that are absent in the isolated perfused rat liver."}
	}}
