{"resource": {
	"language":"eng",
	"title":{"value":"Oral use of a topical preparation containing an extract of Stevia rebaudiana and the chrysanthemum flower in the management of hyperglycemia."},
	"pageStart":940,
	"subject":[
		{"value":"Administration, Topical"},
	{"value":"Animals"},
	{"value":"Blood Cell Count"},
	{"value":"Blood Glucose"},
	{"value":"Complementary Therapies"},
	{"value":"Dogs"},
	{"value":"Humans"},
	{"value":"Hyperglycemia"},
	{"value":"Plant Extracts"}
	],
	"volume":8,
	"about":"http://agris.fao.org/aos/records/PM7956646",
	"type":"Other",
	"identifier":"PM7956646",
	"isPartOf":
		{"Journal":
		{"title":{"value":"Diabetes care"},
	"ISSN":{"value":"0149-5992"}
	}
	},
	"issued":"1994-12-02",
	"dateSubmitted":2016,
	"creator":[
		{
		"Person":
		{"name":"White, J R, JR"
	}
	},
	{
		"Person":
		{"name":"Kramer, J, J"
	}
	},
	{
		"Person":
		{"name":"Campbell, R K, RK"
	}
	},
	{
		"Person":
		{"name":"Bernstein, R, R"
	}
	}
	]
	}}
