{"resource": {
	"language":"eng",
	"title":{"value":"Cytological effects of some medicinal plants used in the control of fertility."},
	"subject":[
		{"value":"Caffeine"},
	{"value":"Cell Division"},
	{"value":"Fertility"},
	{"value":"Kinetics"},
	{"value":"Mitosis"},
	{"value":"Plants, Medicinal"},
	{"value":"Species Specificity"}
	],
	"pageStart":663,
	"volume":5,
	"pageEnd":5,
	"about":"http://agris.fao.org/aos/records/PM862810",
	"identifier":"PM862810",
	"type":"Journal Article",
	"isPartOf":
		{"Journal":
		{"title":{"value":"Experientia"},
	"ISSN":{"value":"0014-4754"}
	}
	},
	"issued":"1977-07-18",
	"dateSubmitted":"forIndex",
	"creator":[
		{
		"Person":
		{"name":"Schvartzman, J B, JB"
	}
	},
	{
		"Person":
		{"name":"Krimer, D B, DB"
	}
	},
	{
		"Person":
		{"name":"Moreno Azorero, R, R"
	}
	}
	]
	}}
