{"resource": {
	"language":"eng",
	"title":{"value":"Tissue culture of Stevia rebaudiana, a sweetening plant."},
	"subject":[
		{"value":"Culture Techniques"},
	{"value":"Paraguay"},
	{"value":"Plants, Medicinal"},
	{"value":"Sweetening Agents"}
	],
	"pageStart":115,
	"volume":2,
	"doi":"10.1055/s-0028-1097568",
	"pageEnd":7,
	"about":"http://agris.fao.org/aos/records/PM905425",
	"identifier":"PM905425",
	"type":"Journal Article",
	"isPartOf":
		{"Journal":
		{"title":{"value":"Planta medica"},
	"ISSN":{"value":"0032-0943"}
	}
	},
	"issued":"1977-11-25",
	"dateSubmitted":"forIndex",
	"creator":[
		{
		"Person":
		{"name":"Handro, W, W"
	}
	},
	{
		"Person":
		{"name":"Hell, K G, KG"
	}
	},
	{
		"Person":
		{"name":"Kerbauy, G B, GB"
	}
	}
	]
	}}
