{"resource": {
	"language":"jpn",
	"title":{"value":"[Miscellaneous contributions to the essential oils of the plants from various territories. XLI. On the components of the essential oil of Stevia rebaudiana Bertoni (author's transl)]."},
	"subject":[
		{"value":"Oils, Volatile"},
	{"value":"Plants"}
	],
	"pageStart":692,
	"volume":6,
	"pageEnd":4,
	"about":"http://agris.fao.org/aos/records/PM925863",
	"identifier":"PM925863",
	"type":"Other",
	"isPartOf":
		{"Journal":
		{"title":{"value":"Yakugaku zasshi : Journal of the Pharmaceutical Society of Japan"},
	"ISSN":{"value":"0031-6903"}
	}
	},
	"issued":"1978-01-27",
	"dateSubmitted":"forIndex",
	"creator":[
		{
		"Person":
		{"name":"Fujita, S I, SI"
	}
	},
	{
		"Person":
		{"name":"Taka, K, K"
	}
	},
	{
		"Person":
		{"name":"Fujita, Y, Y"
	}
	}
	]
	}}
