{"resource": {
	"language":"eng",
	"title":{"value":"Bactericidal activity of a fermented hot-water extract from Stevia rebaudiana Bertoni towards enterohemorrhagic Escherichia coli O157:H7 and other food-borne pathogenic bacteria."},
	"subject":[
		{"value":"Bacterial Toxins"},
	{"value":"Colony Count, Microbial"},
	{"value":"Drug Resistance, Microbial"},
	{"value":"Enterobacteriaceae"},
	{"value":"Escherichia coli O157"},
	{"value":"Fermentation"},
	{"value":"Food Microbiology"},
	{"value":"Foodborne Diseases"},
	{"value":"Gram-Positive Rods"},
	{"value":"Humans"},
	{"value":"Hydrogen-Ion Concentration"},
	{"value":"Plant Extracts"},
	{"value":"Shiga Toxin 1"},
	{"value":"Shiga Toxin 2"},
	{"value":"Staphylococcus aureus"}
	],
	"pageStart":1005,
	"volume":12,
	"pageEnd":9,
	"about":"http://agris.fao.org/aos/records/PM9492187",
	"identifier":"PM9492187",
	"type":"Journal Article",
	"isPartOf":
		{"Journal":
		{"title":{"value":"Microbiology and immunology"},
	"ISSN":{"value":"0385-5600"}
	}
	},
	"issued":"1998-04-02",
	"dateSubmitted":2016,
	"creator":[
		{
		"Person":
		{"name":"Tomita, T, T"
	}
	},
	{
		"Person":
		{"name":"Sato, N, N"
	}
	},
	{
		"Person":
		{"name":"Arai, T, T"
	}
	},
	{
		"Person":
		{"name":"Shiraishi, H, H"
	}
	},
	{
		"Person":
		{"name":"Sato, M, M"
	}
	},
	{
		"Person":
		{"name":"Takeuchi, M, M"
	}
	},
	{
		"Person":
		{"name":"Kamio, Y, Y"
	}
	}
	],
	"abstract":{"value":"A fermented aqueous extract from Stevia rebaudiana Bertoni showed strong bactericidal activity towards a wide range of food-borne pathogenic bacteria including enterohemorrhagic Escherichia coli O157:H7. The colony-forming ability of the food-borne pathogenic bacteria tested so far was reduced to < 10(-7) when exposed to > or = 40% (v/v) solutions of the fermented extract at 37 C for 2 hr. Secretion of verocytotoxin 1 and 2 by enterohemorrhagic E. coli was also diminished by fermented extract at a concentration of > or = 10% (v/v). In contrast, the fermented extract did not significantly kill Bifidobacteria or Lactobacilli. The active principle(s) of the fermented Stevia extract were bactericidal under acidic conditions."}
	}}
